Item ID,Item Type,Home Location,Current Location,Name,Category,Replacement Cost
ETL1119,Hand Shovel,,,Garden Spade,Garden,4
ETL0844,Crescent Wrench,Leith,Leith,Spark Plug Wrench 20mm,Automotive,3
ETL1111,Crescent Wrench,Leith,Leith,Spark Plug Wrench 20mm,Automotive,3
ETL0179,Jacks,Leith,Leith,Hydraulic trolley jack,Automotive,5
ETL1084,Crescent Wrench,Leith,Leith,Wheel Wrench Cross,Automotive,15
ETL0549,Open End Wrench,Leith,Leith,Combination Spanner/Wrench set,Automotive,20
ETL0677,Open End Wrench,Leith,Leith,Combination Spanner/Wrench set,Automotive,20
ETL1234,Open End Wrench,Leith,Leith,Combination Spanner/Wrench set,Automotive,20
ETL1247,Cargo Vans,Leith,Leith,Truck bed cargo net,Automotive,20
ETL0531,Jack Stands,Leith,Leith,1.5 tonne Axle stands,Automotive,30
ETL0930,Jack Stands,Leith,Leith,3 tonne Axle stands,Automotive,30
ETL0532,Automotive Jacks,Leith,Leith,Car jack,Automotive,30
ETL0978,Automotive Trickle Chargers,Leith,Leith,6 amp 12 V Battery Charger,Automotive,
ETL0634,Automotive Trickle Chargers,Leith,Leith,6 amp Battery Charger,Automotive,
ETL1124,Pressure Washers,Leith,Leith,8L Vehicle Washing Sprayer,Automotive,100
ETL1062,Automotive Ramps,Leith,Leith,Car Ramp,Automotive,
ETL1211,Automotive Tools,Leith,Leith,Jump Leads,Automotive,
ETL1024,Crescent Wrench,Portobello,Portobello,Torque Wrench,Bike,3
ETL1874,Crescent Wrench,Leith,Leith,Torque Wrench,Bike,3
ETL1085,Allen Wrench Sets,Portobello,Portobello,Bike Allen Key Set,Bike,10
ETL0883,Bottom Bracket Tools,Leith,Leith,Bottom Bracket Removing Tool,Bike,15
ETL1118,Bike Tools,Portobello,Portobello,"Bike Pump, Floor",Bike,20
ETL0308,Stands & Work Tables,Leith,Leith,Bike Workstand,Bike,30
ETL1223,Bicycle Accessories,Leith,Leith,15 mm Bicycle Pedal Spanner,Bike,
ETL0973,Bike Tools,Leith,Leith,Bicycle Floor Pump,Bike,20
ETL1226,Bicycle Accessories,Leith,Leith,Bungee cords,Bike,
ETL1222,Bicycle Accessories,Leith,Leith,Chain Whip,Bike,
ETL1227,Bicycle Accessories,Leith,Leith,Crank Remover,Bike,
ETL0643,Hand Tools,Leith,Leith,Vintage Dunlop Foot Pump,Bike,0
ETL0286,Files,Leith,Leith,Rasp,Carpentry and Woodworking,1
ETL0487,Wood Chisel,Portobello,Portobello,32 mm Wood chisel,Carpentry and Woodworking,2
ETL0840,Screwdriver Sets,Leith,Leith,Bradawl,Carpentry and Woodworking,2
ETL0073,Tenon Saws,Leith,Leith,Tenon saw,Carpentry and Woodworking,2
ETL0074,Tenon Saws,Leith,Leith,Tenon saw,Carpentry and Woodworking,2
ETL0076,Tenon Saws,Leith,Leith,Tenon saw,Carpentry and Woodworking,2
ETL0077,Tenon Saws,Portobello,Portobello,Tenon saw,Carpentry and Woodworking,2
ETL0078,Tenon Saws,Leith,Leith,Tenon saw,Carpentry and Woodworking,2
ETL0511,Tenon Saws,Leith,Leith,Tenon Saw,Carpentry and Woodworking,2
ETL0542,Tenon Saws,Leith,Leith,Tenon Saw,Carpentry and Woodworking,2
ETL1000,Tenon Saws,Portobello,Portobello,Tenon Saw,Carpentry and Woodworking,2
ETL1127,Tenon Saws,Leith,Leith,Tenon Saw,Carpentry and Woodworking,2
5,Wood Chisel,Leith,Leith,Wood chisel,Carpentry and Woodworking,2
ETL0044,Wood Chisel,Leith,Leith,Wood chisel,Carpentry and Woodworking,2
ETL0045,Wood Chisel,Leith,Leith,Wood chisel,Carpentry and Woodworking,2
ETL0046,Wood Chisel,Portobello,Portobello,Wood chisel,Carpentry and Woodworking,2
ETL0047,Wood Chisel,Leith,Leith,Wood chisel,Carpentry and Woodworking,2
ETL0048,Wood Chisel,Leith,Leith,Wood chisel,Carpentry and Woodworking,2
ETL0050,Wood Chisel,Portobello,Portobello,Wood chisel,Carpentry and Woodworking,2
ETL0051,Wood Chisel,Leith,Leith,Wood chisel,Carpentry and Woodworking,2
ETL0052,Wood Chisel,Leith,Leith,Wood chisel,Carpentry and Woodworking,2
ETL0053,Wood Chisel,Leith,Leith,Wood chisel,Carpentry and Woodworking,2
ETL0054,Wood Chisel,Portobello,Portobello,Wood chisel,Carpentry and Woodworking,2
ETL0055,Wood Chisel,Leith,Leith,Wood chisel,Carpentry and Woodworking,2
ETL0057,Wood Chisel,Leith,Leith,Wood chisel,Carpentry and Woodworking,2
ETL0058,Wood Chisel,Leith,Leith,Wood chisel,Carpentry and Woodworking,2
ETL0060,Wood Chisel,Leith,Leith,Wood chisel,Carpentry and Woodworking,2
ETL0061,Wood Chisel,Leith,Leith,Wood chisel,Carpentry and Woodworking,2
ETL0062,Wood Chisel,Leith,Leith,Wood chisel,Carpentry and Woodworking,2
ETL0063,Wood Chisel,Leith,Leith,Wood chisel,Carpentry and Woodworking,2
ETL0547,Wood Chisel,Leith,Leith,Wood chisel,Carpentry and Woodworking,2
ETL0548,Wood Chisel,Leith,Leith,Wood chisel (Fine),Carpentry and Woodworking,2
ETL0289,Wood Chisel,Portobello,Portobello,Wood chisel 12mm,Carpentry and Woodworking,2
ETL0049,Wood Chisel,Leith,Leith,Wood chisel 12mm blade,Carpentry and Woodworking,2
ETL0288,Wood Chisel,Leith,Leith,Wood chisel 20mm blade,Carpentry and Woodworking,2
ETL0287,Wood Chisel,Portobello,Portobello,Wood chisel 24mm blade,Carpentry and Woodworking,2
ETL0486,Wood Chisel,Portobello,Portobello,Wood chisel 8mm blade,Carpentry and Woodworking,2
ETL0469,Wood Chisel,Leith,Leith,Wood chisel Set,Carpentry and Woodworking,2
ETL1327,Wood Chisel,Portobello,Portobello,Wood chisel Set,Carpentry and Woodworking,2
ETL0834,Files,Portobello,Leith,Wood file,Carpentry and Woodworking,2
ETL0491,Tenon Saws,,,Tenon saw,Carpentry and Woodworking,2
ETL0348,Files,Leith,Leith,Rasp,Carpentry and Woodworking,3
ETL0106,Drywall Saws,Leith,Leith,Drywall/hacksaw,Carpentry and Woodworking,4
ETL0111,Files,Leith,Leith,Wood file,Carpentry and Woodworking,4
ETL1157,Files,Portobello,Portobello,Wood file,Carpentry and Woodworking,4
ETL1405,Wood Chisel,Leith,Leith,18mm Chisel,Carpentry and Woodworking,5
ETL0857,Files,Leith,Leith,20mm Half-moon Rasp / File,Carpentry and Woodworking,5
ETL0856,Files,Leith,Leith,20mm Half-moon Rasp/File,Carpentry and Woodworking,5
ETL0882,Squares,Leith,Leith,Adjustable tri square,Carpentry and Woodworking,5
ETL0089,Back Saw,Leith,Leith,Panel saw,Carpentry and Woodworking,5
ETL1848,Planes,Leith,Leith,Bullnose/Rebate Plane,Carpentry and Woodworking,5
ETL0085,Drywall Saws,Leith,Leith,Drywall/hacksaw,Carpentry and Woodworking,5
ETL0165,Drywall Saws,Leith,Leith,Drywall/hacksaw,Carpentry and Woodworking,5
ETL1375,Drywall Saws,Leith,Leith,Drywall/hacksaw,Carpentry and Woodworking,5
ETL0090,Back Saw,Leith,Leith,Panel saw,Carpentry and Woodworking,5
ETL0091,Back Saw,Portobello,Portobello,Panel saw,Carpentry and Woodworking,5
ETL0160,Back Saw,Leith,Leith,Panel saw,Carpentry and Woodworking,5
ETL1002,Back Saw,Portobello,Leith,Panel Saw,Carpentry and Woodworking,5
ETL0180,Hack saw,Leith,Leith,Hack saw,Carpentry and Woodworking,5
ETL1806,Hack saw,Portobello,Portobello,Hack saw,Carpentry and Woodworking,5
ETL0082,Planes,Leith,Leith,Hand plane,Carpentry and Woodworking,5
ETL0128,Planes,Leith,Leith,Hand plane,Carpentry and Woodworking,5
ETL0243,Planes,Leith,Leith,Hand plane,Carpentry and Woodworking,5
ETL0244,Planes,Portobello,Portobello,Hand plane,Carpentry and Woodworking,5
ETL0311,Planes,Leith,Leith,Hand plane,Carpentry and Woodworking,5
ETL0662,Planes,Leith,Leith,Hand plane,Carpentry and Woodworking,5
ETL1073,Planes,Portobello,Leith,Hand plane,Carpentry and Woodworking,5
ETL1126,Hack saw,Leith,Leith,Junior hack saw,Carpentry and Woodworking,5
ETL0129,Squares,Leith,Leith,Large Tri square,Carpentry and Woodworking,5
ETL1158,Planes,Portobello,Portobello,Hand plane,Carpentry and Woodworking,5
ETL0181,Rubber Mallets,Leith,Leith,Rubber Mallet,Carpentry and Woodworking,5
ETL0182,Rubber Mallets,Leith,Leith,Rubber Mallet,Carpentry and Woodworking,5
ETL0233,Rubber Mallets,Leith,Leith,Rubber Mallet,Carpentry and Woodworking,5
ETL0981,Planes,Leith,Leith,Shoulder plane,Carpentry and Woodworking,5
ETL0575,Planes,Portobello,Portobello,Small Hand Plane,Carpentry and Woodworking,5
ETL0471,Squares,Leith,Portobello,Set Square,Carpentry and Woodworking,5
ETL0642,Squares,Leith,Leith,square,Carpentry and Woodworking,5
ETL1305,Squares,Portobello,Portobello,Square,Carpentry and Woodworking,5
ETL1306,Squares,Portobello,Portobello,square,Carpentry and Woodworking,5
ETL1346,Squares,Portobello,Portobello,Square,Carpentry and Woodworking,5
ETL0113,Squares,Leith,Leith,Tri square,Carpentry and Woodworking,5
ETL0237,Squares,Leith,Leith,Tri square,Carpentry and Woodworking,5
ETL0084,Squares,Leith,Leith,Tri square,Carpentry and Woodworking,5
ETL0274,Squares,Leith,Leith,Tri square,Carpentry and Woodworking,5
ETL0281,Squares,Leith,Leith,Tri square,Carpentry and Woodworking,5
ETL0660,Squares,Leith,Leith,Tri square,Carpentry and Woodworking,5
ETL1074,Squares,Portobello,Portobello,Tri square,Carpentry and Woodworking,5
ETL0079,Planes,Leith,Leith,Two handed plane,Carpentry and Woodworking,5
ETL0080,Planes,Leith,Leith,Two handed plane,Carpentry and Woodworking,5
ETL0081,Planes,Leith,Leith,Two handed plane,Carpentry and Woodworking,5
ETL0169,Wood Chisel,Leith,Leith,Wood chisel,Carpentry and Woodworking,5
ETL0116,Hammers & Mallets,Leith,Leith,Wooden mallet,Carpentry and Woodworking,5
ETL0275,Hammers & Mallets,Leith,Leith,Wooden mallet,Carpentry and Woodworking,5
ETL0284,Hammers & Mallets,Portobello,Portobello,Wooden mallet,Carpentry and Woodworking,5
ETL1329,Hammers & Mallets,Portobello,Portobello,Wooden mallet,Carpentry and Woodworking,5
ETL0982,Saws,Leith,Leith,Mitre box,Carpentry and Woodworking,5
ETL0539,Hack saw,Portobello,Portobello,Coping saw,Carpentry and Woodworking,7
ETL0957,Rubber Mallets,Leith,Leith,Wooden mallet,Carpentry and Woodworking,8
ETL0879,Bar Clamps,Leith,Leith,4 Corner clamps,Carpentry and Woodworking,10
ETL0702,Bar Clamps,Leith,Leith,Adjustable vice clamp,Carpentry and Woodworking,10
ETL0144,Bar Clamps,Leith,Leith,Bar clamp,Carpentry and Woodworking,10
ETL0145,Bar Clamps,Leith,Leith,Bar clamp,Carpentry and Woodworking,10
ETL0146,Bar Clamps,Leith,Leith,Bar clamp,Carpentry and Woodworking,10
ETL0147,Bar Clamps,Leith,Leith,Bar clamp,Carpentry and Woodworking,10
ETL0248,Bar Clamps,Leith,Leith,Bar clamp,Carpentry and Woodworking,10
ETL0249,Bar Clamps,Leith,Leith,Bar clamp,Carpentry and Woodworking,10
ETL1843,Bar Clamps,Leith,Leith,Bar clamp,Carpentry and Woodworking,10
ETL1844,Bar Clamps,Leith,Leith,Bar clamp,Carpentry and Woodworking,10
ETL1845,Bar Clamps,Leith,Leith,Bar clamp,Carpentry and Woodworking,10
ETL1881,Bar Clamps,Leith,Leith,Bar clamp,Carpentry and Woodworking,10
ETL0579,Awl,Leith,Leith,Bradawl,Carpentry and Woodworking,10
ETL0582,Awl,Leith,Leith,Bradawl,Carpentry and Woodworking,10
ETL0870,Screwdriver Sets,Leith,Leith,Bradawl,Carpentry and Woodworking,10
ETL0270,Coping Saw,Leith,Leith,Coping Saw,Carpentry and Woodworking,10
ETL1125,Coping Saw,Portobello,Leith,Coping Saw,Carpentry and Woodworking,10
ETL1182,Coping Saw,Leith,Leith,Coping Saw,Carpentry and Woodworking,10
ETL1267,Coping Saw,Leith,Leith,Coping Saw,Carpentry and Woodworking,10
ETL1241,Vises,Leith,Leith,Dowel jig,Carpentry and Woodworking,10
ETL0140,Marking,Leith,Leith,Marking guage,Carpentry and Woodworking,10
ETL0516,Marking,Leith,Leith,Marking guage,Carpentry and Woodworking,10
ETL0517,Marking,Leith,Leith,Marking guage,Carpentry and Woodworking,10
ETL0858,Files,Leith,Leith,Mini Square Edged File,Carpentry and Woodworking,10
ETL0133,Tap and Die,Leith,Leith,"Tap and die set (1/4"" 5/16"" 3/8"")",Carpentry and Woodworking,10
ETL0518,Planes,Leith,Leith,Wooden Hand Plane,Carpentry and Woodworking,10
ETL0519,Planes,Leith,Leith,Wooden Hand Plane,Carpentry and Woodworking,10
ETL0520,Planes,Leith,Leith,Wooden Hand Plane,Carpentry and Woodworking,10
ETL0521,Planes,Leith,Leith,Wooden Hand Plane,Carpentry and Woodworking,10
ETL1239,Drill Bits,Leith,Leith,Plug hole cutter/dowel making drill bit set,Carpentry and Woodworking,12
ETL1190,Squares,Leith,Leith,Adjustable square,Carpentry and Woodworking,15
ETL1426,Wood Chisel,Leith,Leith,Bevel Edge Wood Chisels,Carpentry and Woodworking,15
ETL0282,Drills,Leith,Leith,Brace hand drill,Carpentry and Woodworking,15
ETL0871,Wood Chisel,Leith,Leith,10mm Wood chisel,Carpentry and Woodworking,20
ETL0872,Wood Chisel,Leith,Leith,2.5mm Fine Wood chisel,Carpentry and Woodworking,20
ETL1808,"Bits, Drivers and Accessories",Portobello,Portobello,5 Piece SDS Plus Masonry Drill Bit set,Carpentry and Woodworking,20
ETL1403,Wood Chisel,Leith,Leith,Chisel set,Carpentry and Woodworking,20
ETL1404,Wood Chisel,Leith,Leith,Chisel set,Carpentry and Woodworking,20
ETL1394,Random Orbit Sander,Leith,Leith,Draper Palm Sander,Carpentry and Woodworking,20
ETL0435,Random Orbit Sander,Leith,Leith,Parkside PMS 130 Palm Sander,Carpentry and Woodworking,20
ETL1007,Saws,Portobello,Portobello,Hardpoint Saw,Carpentry and Woodworking,20
ETL1005,Saws,Portobello,Portobello,Panel Saw,Carpentry and Woodworking,20
ETL1009,Saws,Portobello,Portobello,Rip Saw,Carpentry and Woodworking,20
ETL0654,Wood Chisel,Leith,Leith,Wood chisel,Carpentry and Woodworking,20
ETL0657,Wood Chisel,Leith,Leith,Wood chisel,Carpentry and Woodworking,20
ETL0658,Wood Chisel,Leith,Leith,Wood chisel,Carpentry and Woodworking,20
ETL0119,Wood Chisel,Leith,Leith,Wood chisel set,Carpentry and Woodworking,20
ETL1008,Saws,Portobello,Portobello,Panel Saw,Carpentry and Woodworking,20
ETL0056,Wood Chisel,,,Wood chisel,Carpentry and Woodworking,20
ETL1421,Belt Sanders,Leith,Leith,Belt Sander,Carpentry and Woodworking,20
ETL1166,Sanders,Portobello,Portobello,Detail Sander,Carpentry and Woodworking,25
ETL1031,Crow Bars,Leith,Leith,Pallet Breaker,Carpentry and Woodworking,25
ETL1051,Sanders,Portobello,Portobello,Detail Sander,Carpentry and Woodworking,25
ETL1078,Drills,Leith,Leith,Auger Brace Bit Set,Carpentry and Woodworking,30
ETL0325,Finishing Power Sanders,Leith,Leith,Black & Decker Power Sander,Carpentry and Woodworking,30
ETL1017,Finishing Power Sanders,Leith,Leith,Black and Decker Orbital Power Sander,Carpentry and Woodworking,30
ETL1016,Finishing Power Sanders,Leith,Leith,Black and Decker Power Sander,Carpentry and Woodworking,30
ETL0923,Finishing Power Sanders,Leith,Leith,Bosch Power Sander,Carpentry and Woodworking,30
12,Engraver,Portobello,Portobello,Dremel Multi Tool,Carpentry and Woodworking,30
ETL0351,Planes,Leith,Leith,Hand plane,Carpentry and Woodworking,30
ETL0451,Finishing Power Sanders,Leith,Leith,MacAllister Palm Grip Detail Sander,Carpentry and Woodworking,30
ETL0321,Jig Saws,Leith,Leith,McKeller T80 Laser Jigsaw,Carpentry and Woodworking,30
ETL1165,Finishing Power Sanders,Portobello,Portobello,Sander,Carpentry and Woodworking,30
ETL1140,Sanders,Portobello,Portobello,Orbital Sander,Carpentry and Woodworking,30
ETL1846,Sanders,Leith,Leith,Orbital Sander,Carpentry and Woodworking,30
ETL0457,Random Orbit Sander,Portobello,Portobello,Parkside 160 W Power Sander,Carpentry and Woodworking,30
ETL1849,Random Orbit Sander,Leith,Leith,Parkside 310W Power Sander,Carpentry and Woodworking,30
ETL0024,Jig Saws,Leith,Leith,Performance Variable Speed Jigsaw,Carpentry and Woodworking,30
ETL1129,Routers,Portobello,Portobello,Router accessories,Carpentry and Woodworking,30
ETL1004,Saws,Portobello,Portobello,Back Saw,Carpentry and Woodworking,30
ETL1048,Sanders,Portobello,Portobello,Orbital Sander,Carpentry and Woodworking,30
ETL0323,Jig Saws,Leith,Leith,Black & Decker Jigsaw,Carpentry and Woodworking,35
ETL1807,Bar Clamps,Portobello,Portobello,Corner clamp,Carpentry and Woodworking,35
ETL0037,Jig Saws,Portobello,Portobello,Jig saw,Carpentry and Woodworking,35
ETL1348,Jig Saws,Portobello,Portobello,Jigsaw,Carpentry and Woodworking,35
ETL0584,Jig Saws,Portobello,Portobello,Jigsaw,Carpentry and Woodworking,35
ETL1053,Jig Saws,Portobello,Portobello,Jigsaw,Carpentry and Woodworking,35
ETL1072,"Bits, Drivers and Accessories",Portobello,Portobello,75 piece drill bit and saw set,Carpentry and Woodworking,36
ETL1256,"Bits, Drivers and Accessories",Leith,Leith,75 Piece Drill Bit and Saw set,Carpentry and Woodworking,36
ETL1257,"Bits, Drivers and Accessories",Leith,Leith,75 Piece Drill Bit and Saw set,Carpentry and Woodworking,36
ETL1258,"Bits, Drivers and Accessories",Leith,Leith,75 Piece Drill Bit and Saw set DEPOT USE ONLY,Carpentry and Woodworking,36
ETL0417,"Bits, Drivers and Accessories",Leith,Leith,75 piece drill bit and saw set,Carpentry and Woodworking,36
ETL0827,Random Orbit Sander,Leith,Leith,Axminster 430w Random Orbit Sander,Carpentry and Woodworking,40
ETL1064,Jig Saws,Leith,Leith,Axminster Jigsaw,Carpentry and Woodworking,40
ETL0442,Belt Sanders,Portobello,Portobello,Belt Sander,Carpentry and Woodworking,40
ETL0586,Belt Sanders,Leith,Leith,Belt Sander,Carpentry and Woodworking,40
ETL1420,Belt Sanders,Leith,Leith,Belt Sander,Carpentry and Woodworking,40
ETL0906,Jig Saws,Leith,Leith,Black and decker jigsaw,Carpentry and Woodworking,40
ETL0318,Jig Saws,Leith,Leith,Bosch PST Jigsaw,Carpentry and Woodworking,40
ETL1137,Circular Saws,Portobello,Portobello,Corded circular saw,Carpentry and Woodworking,40
ETL1081,Bar Clamps,Portobello,Portobello,Corner clamp - set of 4,Carpentry and Woodworking,40
ETL1082,Bar Clamps,Portobello,Portobello,Corner clamp - Set of 4,Carpentry and Woodworking,40
ETL0027,Random Orbit Sander,Leith,Leith,Draper Random Orbit Sander,Carpentry and Woodworking,40
ETL0028,Biscuit Joiners,Leith,Leith,GMC Biscuit Joiner,Carpentry and Woodworking,40
ETL0672,Belt Sanders,Portobello,Portobello,Palm Belt Sander,Carpentry and Woodworking,40
ETL1371,Jig Saws,Leith,Leith,Hitachi Jigsaw,Carpentry and Woodworking,40
ETL0972,Jig Saws,Portobello,Portobello,Jigsaw,Carpentry and Woodworking,40
ETL1019,Jig Saws,Portobello,Portobello,Jigsaw,Carpentry and Woodworking,40
ETL1020,Jig Saws,Portobello,Portobello,Jigsaw,Carpentry and Woodworking,40
ETL1021,Jig Saws,Portobello,Leith,Jigsaw,Carpentry and Woodworking,40
ETL0433,Jig Saws,Leith,Leith,Jigsaw - Bosch PST 650L,Carpentry and Woodworking,40
ETL0706,Jig Saws,Leith,Leith,MacAllister Jigsaw,Carpentry and Woodworking,40
ETL0446,Jig Saws,Leith,Leith,Power Base Jigsaw,Carpentry and Woodworking,40
ETL1384,Jig Saws,Leith,Leith,Parkside Combination Cutter,Carpentry and Woodworking,40
ETL0944,Jig Saws,Leith,Leith,Parkside Jigsaw,Carpentry and Woodworking,40
ETL1362,Jig Saws,Leith,Leith,Parkside Jigsaw,Carpentry and Woodworking,40
ETL0443,Jig Saws,Leith,Leith,Performance Power Jigsaw,Carpentry and Woodworking,40
ETL1325,Random Orbit Sander,Leith,Leith,Random Orbit Sander,Carpentry and Woodworking,40
ETL1372,Random Orbit Sander,Leith,Leith,Random Orbit Sander,Carpentry and Woodworking,40
ETL1218,Random Orbit Sander,Leith,Leith,Random Orbital Sander,Carpentry and Woodworking,40
ETL1847,Random Orbit Sander,Leith,Leith,Random Orbital Sander,Carpentry and Woodworking,40
ETL1214,Jig Saws,Leith,Leith,Ryobi Jigsaw,Carpentry and Woodworking,40
ETL0314,Jig Saws,Leith,Leith,Woolworths Jigsaw,Carpentry and Woodworking,40
ETL0320,Jig Saws,,,Bosch Multi tool,Carpentry and Woodworking,40
ETL0444,Jig Saws,,,Jigsaw,Carpentry and Woodworking,40
ETL1210,Random Orbit Sander,,,Random Orbital Sander,Carpentry and Woodworking,40
ETL0383,Jig Saws,Leith,Leith,Black and Decker Jigsaw,Carpentry and Woodworking,40
ETL0029,Power Planer,Leith,Leith,Axminster Electric Hand Planer,Carpentry and Woodworking,45
ETL0900,Finishing Power Sanders,Leith,Leith,Belt Sander,Carpentry and Woodworking,45
ETL0985,Finishing Power Sanders,Portobello,Portobello,Belt Sander,Carpentry and Woodworking,45
ETL0902,Power Planer,Leith,Leith,Black & Decker Electric Plane,Carpentry and Woodworking,45
ETL0601,Power Planer,Leith,Leith,Black & Decker Plus Electric Plane,Carpentry and Woodworking,45
ETL1228,Power Planer,Portobello,Portobello,Bosch Electric Planer,Carpentry and Woodworking,45
ETL1023,Power Planer,Portobello,Portobello,Electric Planer,Carpentry and Woodworking,45
ETL1026,Power Planer,Portobello,Portobello,Electric Planer,Carpentry and Woodworking,45
ETL0456,Finishing Power Sanders,Portobello,Portobello,MacAllister Sander,Carpentry and Woodworking,45
ETL0907,Finishing Power Sanders,Portobello,Portobello,Finishing Sander,Carpentry and Woodworking,45
ETL1233,Finishing Power Sanders,Leith,Leith,Orbital Sander,Carpentry and Woodworking,45
ETL0450,Finishing Power Sanders,Portobello,Leith,Sheet Sander,Carpentry and Woodworking,45
ETL0673,Power Planer,Leith,Leith,Electric Planer,Carpentry and Woodworking,45
ETL1039,Power Planer,Leith,Leith,Electric Planer,Carpentry and Woodworking,45
ETL1049,Power Planer,Portobello,Leith,Electric Planer,Carpentry and Woodworking,45
ETL0034,Power Planer,Leith,Leith,Powercraft Electric Plane,Carpentry and Woodworking,45
ETL0319,Finishing Power Sanders,Portobello,Portobello,Sheet Sander,Carpentry and Woodworking,45
ETL0904,Finishing Power Sanders,,,Finishing Power Sanders,Carpentry and Woodworking,45
ETL0922,Finishing Power Sanders,,,Large Power Sander VK600,Carpentry and Woodworking,45
ETL1203,Finishing Power Sanders,,,Orbital Sander,Carpentry and Woodworking,45
ETL0440,Finishing Power Sanders,,,Detail Sander,Carpentry and Woodworking,45
ETL0905,Finishing Power Sanders,,,Finishing Sander,Carpentry and Woodworking,45
ETL0092,Crosscut Saw,Leith,Leith,Hand Saw,Carpentry and Woodworking,45
ETL0088,Saws,Leith,Portobello,Hand saw,Carpentry and Woodworking,45
ETL0290,Saws,Leith,Leith,Hand saw,Carpentry and Woodworking,45
ETL0421,Saws,Portobello,Portobello,Hand saw,Carpentry and Woodworking,45
ETL0939,Saws,Leith,Leith,Hand saw,Carpentry and Woodworking,45
ETL0983,Saws,Leith,Leith,Hand saw,Carpentry and Woodworking,45
ETL1128,Saws,Leith,Leith,Hand saw,Carpentry and Woodworking,45
ETL1156,Saws,Leith,Leith,Hand saw,Carpentry and Woodworking,45
ETL1184,Saws,Leith,Leith,Hand saw,Carpentry and Woodworking,45
ETL1351,Saws,Leith,Leith,Hand saw,Carpentry and Woodworking,45
ETL0704,"Bits, Drivers and Accessories",Leith,Portobello,15 Piece Drill Bit Masonry set,Carpentry and Woodworking,47
ETL0376,Power Saws,Leith,Leith,Chop saw,Carpentry and Woodworking,50
ETL0914,Power Saws,Leith,Leith,Chop saw,Carpentry and Woodworking,50
ETL1364,Random Orbit Sander,Leith,Leith,Cordless Random Orbital Sander,Carpentry and Woodworking,50
ETL1408,Jig Saws,Leith,Leith,Multifunction saw,Carpentry and Woodworking,50
ETL0915,Power Saws,Leith,Leith,Mini Chop saw,Carpentry and Woodworking,50
ETL1028,Power Saws,Leith,Leith,Small Mitre Saw,Carpentry and Woodworking,50
ETL0154,Routers,Leith,Leith,Router accessories,Carpentry and Woodworking,50
ETL0379,Sanders & Planers,Leith,Leith,Skil Belt sander,Carpentry and Woodworking,50
ETL0183,Jig Saws,Leith,Leith,Axminster Jigsaw,Carpentry and Woodworking,50
ETL0401,Circular Saws,Leith,Leith,Corded circular saw,Carpentry and Woodworking,55
ETL1326,Finishing Power Sanders,Leith,Leith,Black and Decker Mouse Sander,Carpentry and Woodworking,57
ETL1411,Finishing Power Sanders,Leith,Leith,Black and Decker Powerfile,Carpentry and Woodworking,57
ETL0227,Finishing Power Sanders,Portobello,Portobello,Detail Sander,Carpentry and Woodworking,57
ETL0597,Finishing Power Sanders,Leith,Leith,Detail Sander,Carpentry and Woodworking,57
ETL0964,Finishing Power Sanders,Leith,Leith,Detail Sander,Carpentry and Woodworking,57
ETL1402,Finishing Power Sanders,Leith,Leith,Detail Sander,Carpentry and Woodworking,57
ETL0023,Jig Saws,Leith,Portobello,Multi tool,Carpentry and Woodworking,57
ETL1401,Finishing Power Sanders,Leith,Leith,Orbital Sander,Carpentry and Woodworking,57
ETL1018,Finishing Power Sanders,Leith,Leith,Palm Sander,Carpentry and Woodworking,57
ETL1200,Finishing Power Sanders,Leith,Leith,Palm Sander,Carpentry and Woodworking,57
ETL1202,Finishing Power Sanders,Leith,Leith,Palm Sander,Carpentry and Woodworking,57
ETL1204,Finishing Power Sanders,Leith,Leith,Palm Sander,Carpentry and Woodworking,57
ETL1397,Finishing Power Sanders,Leith,Leith,Palm Sander,Carpentry and Woodworking,57
ETL1858,Finishing Power Sanders,Leith,Leith,Palm Sander,Carpentry and Woodworking,57
ETL0310,Circular Saws,Leith,Leith,Corded circular saw,Carpentry and Woodworking,60
ETL0316,Circular Saws,Leith,Leith,Corded circular saw,Carpentry and Woodworking,60
ETL0382,Circular Saws,Leith,Leith,Corded circular saw,Carpentry and Woodworking,60
ETL0439,Circular Saws,Leith,Leith,Corded circular saw,Carpentry and Woodworking,60
ETL0441,Circular Saws,Leith,Leith,Corded circular saw,Carpentry and Woodworking,60
ETL0591,Circular Saws,Portobello,Portobello,Corded circular saw,Carpentry and Woodworking,60
ETL0846,Circular Saws,Leith,Leith,Corded circular saw,Carpentry and Woodworking,60
ETL0918,Circular Saws,Leith,Leith,Corded circular saw,Carpentry and Woodworking,60
ETL0919,Circular Saws,Leith,Leith,Corded circular saw,Carpentry and Woodworking,60
ETL0988,Circular Saws,Portobello,Portobello,Corded circular saw,Carpentry and Woodworking,60
ETL1037,Circular Saws,Portobello,Portobello,Corded circular saw,Carpentry and Woodworking,60
ETL1197,Circular Saws,Leith,Leith,Corded circular saw,Carpentry and Woodworking,60
ETL1198,Circular Saws,Leith,Leith,Corded circular saw,Carpentry and Woodworking,60
ETL1836,Circular Saws,Leith,Leith,Corded circular saw,Carpentry and Woodworking,60
ETL0598,Cordless Circular Saw,Leith,Leith,Cordless circular saw,Carpentry and Woodworking,60
ETL0668,Cordless Circular Saw,Leith,Leith,Cordless circular saw,Carpentry and Woodworking,60
ETL1854,Cordless Circular Saw,Leith,Leith,Cordless circular saw,Carpentry and Woodworking,60
ETL1365,Jig Saws,Leith,Leith,Multi tool,Carpentry and Woodworking,60
ETL1366,Jig Saws,Leith,Leith,Multi tool,Carpentry and Woodworking,60
ETL0940,Table Saws,Leith,Leith,Macallister Table Saw,Carpentry and Woodworking,67
ETL1361,Belt Sanders,Leith,Leith,Belt Sander,Carpentry and Woodworking,70
ETL0277,Jig Saws,Portobello,Leith,Jigsaw,Carpentry and Woodworking,70
ETL0030,Routers,Leith,Leith,Bosch Electic Router,Carpentry and Woodworking,80
ETL0543,Miter Saws,Leith,Leith,Hand Mitre Saw,Carpentry and Woodworking,80
ETL1334,Miter Saws,Leith,Leith,Hand Mitre Saw,Carpentry and Woodworking,80
ETL1221,Routers,Leith,Leith,Handy Power Electric Router,Carpentry and Woodworking,80
ETL0920,Jig Saws,Leith,Leith,Reciprocating saw,Carpentry and Woodworking,80
ETL0607,Routers,Leith,Leith,Performance Power Electic Router,Carpentry and Woodworking,80
ETL0990,Routers,Portobello,Portobello,Plunge Router,Carpentry and Woodworking,80
ETL0438,Routers,Leith,Leith,Power Devil Electic Router,Carpentry and Woodworking,80
ETL0036,Miter Saws,Leith,Leith,Pro Saw CLM 190LSMS Slide Compound Mitre Saw,Carpentry and Woodworking,80
ETL1167,Routers,Portobello,Portobello,Plunge Router,Carpentry and Woodworking,80
ETL1857,Routers,Leith,Leith,Router,Carpentry and Woodworking,80
ETL0377,Routers,Leith,Leith,ROUTER ACCESSORIES,Carpentry and Woodworking,80
ETL1027,Routers,Portobello,Portobello,Small Plunge Router,Carpentry and Woodworking,80
ETL1389,Routers,Leith,Leith,Small Plunge Router,Carpentry and Woodworking,80
ETL1029,Routers,Leith,Leith,Router table and electric router,Carpentry and Woodworking,80
ETL1231,Routers,Leith,Leith,Trim Router,Carpentry and Woodworking,80
ETL1861,Corded & Plug-in,Leith,Leith,Plunge router,Carpentry and Woodworking,80
ETL1050,Routers,Leith,Leith,Plunge Router,Carpentry and Woodworking,80
ETL1315,Power Saws,Portobello,Portobello,Reciprocating Saw,Carpentry and Woodworking,80
ETL0238,Jig Saws,Portobello,Leith,Jigsaw,Carpentry and Woodworking,90
ETL0397,Chop Saws,Leith,Leith,Dewalt chop/mitre saw,Carpentry and Woodworking,100
ETL1266,Chop Saws,Leith,Leith,Titan 10” compound mitre saw,Carpentry and Woodworking,100
ETL0390,Reciprocating Saw,Leith,Leith,Reciprocating Saw,Carpentry and Woodworking,140
ETL0929,Reciprocating Saw,Leith,Leith,Reciprocating Saw,Carpentry and Woodworking,140
ETL1232,Power Planer,Leith,Leith,Ryobi 10” Electric Surface Planer & Transformer,Carpentry and Woodworking,450
ETL0470,Planes,Leith,Leith,Block Plane,Carpentry and Woodworking,5
ETL1270,"Pliers, Cutters, and Snips",Leith,Leith,Carpenter's Pincers,Carpentry and Woodworking,4
ETL1271,"Pliers, Cutters, and Snips",Leith,Leith,Carpenter's Pincers,Carpentry and Woodworking,4
ETL1272,"Pliers, Cutters, and Snips",Leith,Leith,Carpenter's Pincers,Carpentry and Woodworking,4
ETL0425,Meters & Diagnostics,Leith,Leith,Digital Moisture Meter,Carpentry and Woodworking,
ETL1879,Roller Tool,Leith,Leith,Digital Precision Calipers,Carpentry and Woodworking,
ETL1830,Drill Bits,Leith,Leith,Flat Wood bit set,Carpentry and Woodworking,8
ETL1292,Files,Leith,Leith,Half Round Hand File,Carpentry and Woodworking,1
ETL1172,Chop Saws,Leith,Leith,Ryobi Chop Saw,Carpentry and Woodworking,100
ETL1827,Hole Saw Kit,Leith,Leith,Hole Saw Kit,Carpentry and Woodworking,30
ETL1829,Hole Saw Kit,Leith,Leith,Hole Saw Kit,Carpentry and Woodworking,30
ETL1423,Crosscut Saw,Leith,Leith,Japanese Pull Saw,Carpentry and Woodworking,45
ETL1804,Hand Miter Saws,Leith,Leith,Mitre Saw,Carpentry and Woodworking,
ETL0207,Sanders,Leith,Leith,Sanding block,Carpentry and Woodworking,25
ETL0208,Sanders,Leith,Leith,Sanding block,Carpentry and Woodworking,25
ETL1802,Corner Clamp,Portobello,Portobello,Set of 4 Corner Clamps (double entry in the database ETL1082),Carpentry and Woodworking,20
ETL0959,Saws,Leith,Leith,Sandvik Hand saw,Carpentry and Woodworking,5
ETL0426,Temperature Meters & Guns,Leith,Leith,Moisture Meter,Carpentry and Woodworking,
ETL0467,Files,Leith,Leith,Wood Rasp,Carpentry and Woodworking,1
ETL1841,Curriculum,Portobello,Portobello,"Woodcarving, tools, materials & equipment book",Carpentry and Woodworking,
ETL0969,Wood Clamp,Leith,Leith,Wooden Clamp - Set of 2,Carpentry and Woodworking,
ETL0101,Wire Cutters,Leith,Leith,Wire stripper/cutter,Electrical and Soldering,2
ETL0374,"Pliers, Cutters, and Snips",Leith,Leith,Wire snips,Electrical and Soldering,4
ETL0712,"Pliers, Cutters, and Snips",Portobello,Portobello,Wire snips,Electrical and Soldering,4
ETL0373,"Pliers, Cutters, and Snips",Portobello,Portobello,Wire strippers,Electrical and Soldering,4
ETL0419,Wire Cutters,Leith,Leith,Wire snips,Electrical and Soldering,4
ETL1418,Needle Nose Pliers,,,Circlip pliers,Electrical and Soldering,5
ETL0302,Soldering & Heat Guns,Portobello,Portobello,Soldering iron,Electrical and Soldering,5
ETL0303,Soldering & Heat Guns,Leith,Leith,Soldering iron,Electrical and Soldering,5
ETL0304,Soldering & Heat Guns,Leith,Leith,Soldering iron,Electrical and Soldering,5
ETL0977,Soldering & Heat Guns,Leith,Leith,Soldering iron,Electrical and Soldering,5
ETL1244,Soldering & Heat Guns,Leith,Leith,Soldering iron,Electrical and Soldering,5
ETL1245,Soldering & Heat Guns,Leith,Leith,Soldering iron,Electrical and Soldering,5
ETL0097,Wire Cutters,Leith,Leith,Wire stripper,Electrical and Soldering,5
ETL0372,Testers (hand held),Leith,Leith,Circuit tester,Electrical and Soldering,10
ETL0723,Extension Cords,Leith,Leith,Extension cable on reel,Electrical and Soldering,10
ETL1230,Extension Cords,Leith,Leith,Extension cable on reel,Electrical and Soldering,10
ETL1398,Extension Cords,Leith,Leith,Extension cable on reel,Electrical and Soldering,10
ETL0395,Multimeters,Leith,Leith,Clamp Multimeter (AC current),Electrical and Soldering,15
ETL1243,Amp Meters,Leith,Leith,Amprobe Multimeter,Electrical and Soldering,20
ETL0912,Testers (hand held),Portobello,Portobello,"Combined Metal, Voltage and Stud Detector",Electrical and Soldering,20
ETL1409,Testers (hand held),Leith,Leith,Metal and voltage detector,Electrical and Soldering,20
ETL1853,Amp Meters,Leith,Leith,Micronta Analogue Multimeter,Electrical and Soldering,20
ETL1363,Extension Cords,Leith,Leith,Extension cable on reel,Electrical and Soldering,35
ETL0032,Welders,Leith,Leith,Einhell Electric Welding Transformer kit,Electrical and Soldering,100
ETL1339,Propane & Gas Powered Tools,Leith,Leith,Gas blow torch,Electrical and Soldering,
ETL1175,Loppers,Leith,Leith,Branch Loppers,Garden,0
ETL1176,Loppers,Leith,Leith,Branch Loppers,Garden,0
ETL1177,Loppers,Leith,Leith,Branch Loppers,Garden,0
ETL0001,Shovels & Digging,Portobello,Leith,Garden Spade,Garden,4
ETL0357,Hoes,Leith,Leith,Dutch Hoe,Garden,5
ETL0507,Hoes,Leith,Leith,Dutch hoe,Garden,5
ETL1812,Hoes,Leith,Leith,Dutch Hoe,Garden,5
ETL0015,Lawn Care (other),Leith,Leith,Edging shears,Garden,5
ETL0007,Digging Fork,Portobello,Portobello,Garden Fork,Garden,5
ETL0009,Digging Fork,Leith,Leith,Garden Fork,Garden,5
ETL0301,Digging Fork,Portobello,Portobello,Garden Fork,Garden,5
ETL1150,Digging Fork,Portobello,Portobello,Garden Fork,Garden,5
ETL1151,Digging Fork,Portobello,Portobello,Garden Fork,Garden,5
ETL1281,Digging Fork,Leith,Leith,Garden Fork,Garden,5
3,Hoes,Leith,Leith,Garden hoe,Garden,5
ETL0018,Hoes,Leith,Leith,Garden hoe,Garden,5
ETL0019,Hoes,Leith,Leith,Garden hoe,Garden,5
ETL0170,Hoes,Leith,Leith,Garden hoe,Garden,5
ETL0953,Hoes,Leith,Leith,Garden hoe,Garden,5
ETL0954,Hoes,Leith,Leith,Garden hoe,Garden,5
ETL0006,Spade Shovel,Leith,Leith,Garden Spade,Garden,5
ETL0163,Spade Shovel,Leith,Leith,Garden Spade,Garden,5
ETL0300,Spade Shovel,Leith,Leith,Garden Spade,Garden,5
ETL0414,Spade Shovel,Leith,Leith,Garden Spade,Garden,5
ETL0432,Spade Shovel,Leith,Leith,Garden Spade,Garden,5
ETL0530,Spade Shovel,Leith,Leith,Garden spade,Garden,5
ETL0933,Spade Shovel,Leith,Leith,Garden spade,Garden,5
ETL0935,Spade Shovel,Portobello,Portobello,Garden Spade,Garden,5
ETL0936,Spade Shovel,Portobello,Portobello,Garden Spade,Garden,5
ETL0956,Spade Shovel,Leith,Leith,Garden Spade,Garden,5
ETL1060,Spade Shovel,Leith,Leith,Garden Spade,Garden,5
ETL1276,Spade Shovel,,,Garden spade,Garden,5
ETL1278,Spade Shovel,Leith,Leith,Garden spade,Garden,5
ETL1314,Hand Sickle,Leith,Leith,Hand sickle,Garden,5
ETL0010,Lawn Care (other),Leith,Leith,Lawn aerator,Garden,5
ETL0011,Lawn Care (other),Leith,Leith,Lawn aerator,Garden,5
ETL0682,Lawn Care (other),Leith,Leith,Lawn aerator,Garden,5
ETL0184,Lawn Care (other),Leith,Leith,Roling Lawn aerator,Garden,5
ETL0937,Spade Shovel,Leith,Leith,Small Garden Spade,Garden,5
ETL0556,Brick Trowel,Leith,Leith,Small Garden Trowel,Garden,5
ETL1058,Brick Trowel,Leith,Leith,Small Garden Trowel,Garden,5
ETL0555,Digging Fork,Leith,Leith,Small Hand-held Garden Fork,Garden,5
ETL1059,Digging Fork,Leith,Leith,Small Hand-held Garden Fork,Garden,5
ETL0955,Hoes,Leith,Leith,Spud Hoe,Garden,5
ETL0402,Brick Hammers,Leith,Leith,Stone Hammer,Garden,5
ETL0392,Hoes,Leith,Leith,Turf Cutter,Garden,5
ETL0694,Hoes,Leith,Leith,Turf Cutter,Garden,5
ETL0171,Hoes,Leith,Leith,Two pronged garden hoe,Garden,5
ETL0187,Digging Fork,,,Garden Fork,Garden,5
ETL1122,Hand Tools,Portobello,Portobello,Garden Hoe,Garden,5
ETL0124,Pickaxes,Leith,Leith,Chipping hammer / Rock pick,Garden,6
ETL0012,Pickaxes,Leith,Leith,Heavy pickaxe,Garden,6
ETL0013,Pickaxes,Portobello,Portobello,Heavy pickaxe,Garden,6
ETL0014,Grass Shear,Leith,Leith,Long handled shears,Garden,6
ETL0271,Grass Shear,Leith,Leith,Long handled shears,Garden,6
ETL0541,Grass Shear,Leith,Leith,Long handled shears,Garden,6
ETL0649,Grass Shear,Leith,Leith,Long handled shears,Garden,6
ETL0892,Hack saw,Leith,Leith,Bush saw,Garden,7
ETL1143,Garden Tools,Portobello,Portobello,Mesh Riddle 10mm,Garden,7
ETL0132,Bow Saws,Leith,Leith,Bush saw,Garden,8
ETL1120,Garden Tools,Portobello,Leith,Garden Rake,Garden,8
ETL0016,Metal Garden Rake,Leith,Leith,Garden rake,Garden,8
ETL0017,Metal Garden Rake,Leith,Leith,Garden rake,Garden,8
ETL0172,Metal Garden Rake,Leith,Leith,Garden rake,Garden,8
ETL0231,Metal Garden Rake,Leith,Leith,Garden rake,Garden,8
ETL0232,Metal Garden Rake,Leith,Leith,Garden rake,Garden,8
ETL0961,Metal Garden Rake,Leith,Leith,Garden rake,Garden,8
ETL1319,Metal Garden Rake,Leith,Leith,Garden rake,Garden,8
ETL0431,Metal Garden Rake,Leith,Leith,Grass Rake,Garden,8
ETL1149,Metal Garden Rake,Portobello,Portobello,Grass Rake,Garden,8
ETL0608,Metal Garden Rake,Leith,Leith,Roller Moss Remover / Scarifying rake,Garden,8
ETL1057,Metal Garden Rake,Leith,Leith,Small hand rake,Garden,8
ETL6608,Corded Mowers,Leith,Leith,Roller Moss Remover / Scarifying rake,Garden,8
ETL0612,Pruning Saw,Leith,Leith,Bush saw,Garden,10
ETL0174,Grass Shear,Leith,Leith,Extendable garden shears,Garden,10
ETL0020,Grass Shear,Leith,Leith,Garden shears,Garden,10
ETL0021,Grass Shear,Leith,Leith,Garden shears,Garden,10
ETL0022,Grass Shear,Leith,Leith,Garden shears,Garden,10
ETL0159,Grass Shear,Leith,Leith,Garden shears,Garden,10
ETL0166,Grass Shear,Leith,Leith,Garden shears,Garden,10
ETL0508,Grass Shear,Leith,Leith,Garden Shears,Garden,10
ETL0646,Grass Shear,Leith,Leith,Garden shears,Garden,10
ETL0647,Grass Shear,Leith,Leith,Garden shears,Garden,10
ETL1815,Grass Shear,Portobello,Portobello,Garden Shears,Garden,10
ETL1833,Spade Shovel,Portobello,Portobello,Garden Spade,Garden,10
ETL0173,Hand Tillers,Leith,Leith,Hand soil tiller,Garden,10
ETL0164,Hand Axe,Leith,Leith,Two handed axe,Garden,10
ETL0474,Hand Axe,Leith,Leith,Two handed axe,Garden,10
ETL0313,Bow Saws,Leith,Leith,Bush saw,Garden,12
ETL0480,Bow Saws,Portobello,Portobello,Bush saw,Garden,12
ETL6676,Bow Saws,Portobello,Portobello,Bush saw,Garden,12
ETL0630,Shears,Portobello,Portobello,Long handled shears,Garden,12
ETL1154,Garden Tools,Portobello,Portobello,Edger,Garden,15
ETL1153,Garden Tools,Portobello,Portobello,Lawn Edger,Garden,15
ETL1079,Grass Shear,Portobello,Portobello,Large Lopping Shears,Garden,20
ETL0540,"Scythes, Sickles & Machetes",Leith,Portobello,Scythe,Garden,20
ETL0358,"Scythes, Sickles & Machetes",Leith,Leith,Scythe,Garden,20
ETL1816,Grass Shear,Portobello,Leith,Large Extendable Ratchet Lopping Shears / Secaturs,Garden,25
ETL1099,Garden Tools,Portobello,Portobello,Manual Lawn Mower,Garden,25
ETL01340,Pruning Saw,Leith,Portobello,Folding pruning saw,Garden,26.49
ETL1286,Electric Hedge Trimmer,Portobello,Portobello,Corded Hedge Trimmer,Garden,30
ETL1123,Shears,Portobello,Portobello,Edging Shears,Garden,30
ETL1152,Shears,Portobello,Portobello,Edging Shears,Garden,30
ETL0505,Hand Axe,Leith,Leith,Small Axe,Garden,30
ETL0506,Hand Axe,Leith,Leith,Small Axe,Garden,30
ETL0510,Hand Axe,Leith,Leith,Small Axe,Garden,30
ETL0678,Hand Axe,Leith,Leith,Small Axe,Garden,30
ETL0679,Hand Axe,Leith,Leith,Small Axe,Garden,30
ETL0680,Hand Axe,Leith,Leith,Small Axe,Garden,30
ETL1077,Hand Axe,Portobello,Portobello,Small Axe,Garden,30
ETL1876,Wallpaper Steamer,Leith,Leith,Wallpaper Steamer,Garden,30
ETL0148,Electric Hedge Trimmer,Leith,Leith,Worx Corded Hedge Trimmer,Garden,30
ETL0371,Electric Hedge Trimmer,,,Hedge Trimmer,Garden,30
ETL1422,Garden Tools,Leith,Leith,Cordless hedge trimmer,Garden,30
ETL6682,Garden Tools,Leith,Leith,Cordless hedge trimmer,Garden,30
ETL1035,Garden Tools,Portobello,Portobello,Hedge Trimmer,Garden,30
ETL1860,Garden Tools,Leith,Leith,Hedge Trimmer,Garden,30
ETL0962,String Trimmer,Leith,Leith,Black & Decker Reflex Plus Strimmer,Garden,40
ETL1323,String Trimmer,Leith,Leith,Bosch combitrim Strimmer,Garden,40
ETL1280,String Trimmer,Portobello,Portobello,Cordless strimmer,Garden,40
ETL0378,String Trimmer,Leith,Leith,Electric strimmer/edger,Garden,40
ETL1097,String Trimmer,Portobello,Portobello,Electric strimmer/edger,Garden,40
ETL0606,String Trimmer,Leith,Leith,Flymo Power Trim 500 XT Strimmer,Garden,40
ETL1417,Post Hole Digger,Leith,Leith,Post Driver,Garden,40
ETL1101,Electric Hedge Trimmer,Portobello,Portobello,Cordless Telescopic Hedge Trimmer,Garden,50
ETL0380,Electric Hedge Trimmer,Leith,Leith,Electric Hedge Trimmer,Garden,50
ETL0604,Electric Chippers,Leith,Leith,Flymo Gardenvac 2200w Turbo,Garden,60
ETL0343,Electric Chippers,Leith,Leith,Garden shredder,Garden,60
ETL1100,Electric Chippers,Portobello,Leith,Garden shredder,Garden,60
ETL1277,Electric Chippers,Leith,Portobello,Garden shredder,Garden,60
ETL1095,Lawn Mower,Leith,Leith,Lawn Mower,Garden,80
ETL1096,Garden Tools,Leith,Leith,Leaf Blower,Garden,80
ETL1312,Corded Mowers,Leith,Leith,Electric lawn mower,Garden,90
ETL0488,Corded Mowers,Leith,Leith,Electric lawn mower,Garden,90
ETL0189,Gas Powered String Trimmer,Leith,Leith,Petrol strimmer,Garden,100
ETL1837,Gas Powered String Trimmer,Portobello,Portobello,Strimmer (2-stroke petrol),Garden,100
ETL0428,Gas Powered String Trimmer,Leith,Leith,Petrol Strimmer,Garden,100
ETL1265,Pressure Washers,Leith,Leith,Pressure Washer,Garden,110
ETL0072,Lawn Mower,Leith,Leith,Petrol Lawn Mower,Garden,150
ETL0611,Manual Hedge Trimmer,Leith,Leith,Stihl Petrol Hedge Trimmer,Garden,200
ETL1331,Small Tiller,Leith,Leith,Rotavator (4 stroke petrol),Garden,265
ETL1867,Axes,Leith,Leith,2 handed axe,Garden,
ETL1174,Loppers,Leith,Leith,Extendable Branch Loppers,Garden,0
ETL1282,Loppers,Leith,Leith,Extendable Branch Loppers,Garden,0
ETL0475,Watering Tools,Leith,Leith,Garden Hose,Garden,
ETL0186,Hand Pruner,Leith,Leith,Garden Secateurs,Garden,
ETL0534,Hand Pruner,Portobello,Portobello,Garden Secateurs,Garden,
ETL0984,Hand Pruner,Leith,Leith,Garden Secateurs,Garden,
ETL1076,Hand Pruner,Portobello,Portobello,Garden Secateurs,Garden,
ETL1866,Axes,Leith,Leith,Hand axe,Garden,
ETL0175,Cordless Trimmers,Leith,Leith,Hedge Trimmer - battery powered,Garden,
ETL1070,Garden Tools,Leith,Leith,Lawn Spreader,Garden,7
ETL0393,Planters Shovel,Leith,Leith,Long Handled Bulb Planter,Garden,
ETL1181,Hoe Weeders,Leith,Leith,Patio Knife,Garden,
ETL1183,Hoe Weeders,Leith,Leith,Patio Knife,Garden,
ETL1063,Watering Tools,Leith,Leith,Pneumatic Hose,Garden,
ETL0293,Lawn Mower,Leith,Leith,Push mower,Garden,80
ETL0333,Lawn Mower,Leith,Leith,Push mower,Garden,80
ETL0334,Lawn Mower,Leith,Leith,Push mower,Garden,80
ETL0970,Lawn Mower,Leith,Leith,Push Mower,Garden,80
ETL1834,Hand Wood Splitter,Portobello,Portobello,Roughneck Manual Wood Splitter,Garden,
ETL0228,Sledgehammers,Leith,Leith,Sledgehammer,Garden,
ETL0473,Sledgehammers,Leith,Leith,Sledgehammer,Garden,
ETL0552,Sledgehammers,Portobello,Leith,Sledgehammer,Garden,
ETL0553,Sledgehammers,Leith,Leith,Sledgehammer,Garden,
ETL0554,Sledgehammers,Leith,Leith,Sledgehammer,Garden,
ETL0958,Wheelbarrow,Leith,Leith,Wheelbarrow,Garden,
ETL1414,Wheelbarrow,Leith,Leith,Wheelbarrow,Garden,
ETL0176,Sledgehammers,Leith,Leith,Sledgehammer,Garden,
ETL0529,Sledgehammers,Leith,Leith,Sledgehammer,Garden,
ETL0317,Power Drills,Leith,Leith,Performance Power Corded Hammer Drill,General DIY,0
ETL1065,Cordless Drills,,,Cordless drill,General DIY,0
ETL1242,Corded & Plug-in,,,Hoover Steam Cleaner,General DIY,0
ETL0599,Extension Cords,,,Extension Lead,General DIY,0
ETL1322,Hand Tools,,,Portable Folding Work Bench,General DIY,0
ETL1178,Loppers,,,Branch Loppers,General DIY,0
ETL1036,Angle Grinders,Portobello,Portobello,Angle grinder,General DIY,0
ETL0344,Loppers,Leith,Leith,Branch Loppers,General DIY,0
ETL0587,Cordless Drills,Portobello,Portobello,Cordless Drill,General DIY,0
ETL0719,Screwdrivers,Portobello,Portobello,Flat head Screwdriver,General DIY,1
ETL0720,Screwdrivers,Portobello,Portobello,Flat head Screwdriver,General DIY,1
ETL0721,Screwdrivers,Portobello,Portobello,Flat head Screwdriver,General DIY,1
ETL0375,Screwdrivers,Leith,Leith,Insulated screwdriver,General DIY,1
ETL0396,Screwdrivers,Leith,Leith,Insulated screwdriver,General DIY,1
ETL0718,Screwdrivers,Portobello,Portobello,Phillips head Screwdriver,General DIY,1
ETL0683,Screwdrivers,Leith,Leith,Screwdriver,General DIY,1
ETL0684,Screwdrivers,Leith,Leith,Screwdriver,General DIY,1
ETL0685,Screwdrivers,Leith,Leith,Screwdriver,General DIY,1
ETL0686,Screwdrivers,Leith,Leith,Screwdriver,General DIY,1
ETL0687,Screwdrivers,Leith,Leith,Screwdriver,General DIY,1
ETL0688,Screwdrivers,Leith,Leith,Screwdriver,General DIY,1
ETL0689,Screwdrivers,Leith,Leith,Screwdriver,General DIY,1
ETL0690,Screwdrivers,Leith,Leith,Screwdriver,General DIY,1
ETL0691,Screwdrivers,Leith,Leith,Screwdriver,General DIY,1
ETL0692,Screwdrivers,Leith,Leith,Screwdriver,General DIY,1
ETL0693,Screwdrivers,Leith,Leith,Screwdriver,General DIY,1
ETL0259,Testers (hand held),Leith,Leith,Plumb bob/line,General DIY,1.99
ETL0663,Crescent Wrench,Leith,Leith,14 / 12mm Spanner,General DIY,2
ETL0661,Crescent Wrench,Leith,Leith,22 / 19mm Spanner,General DIY,2
ETL0664,Crescent Wrench,Leith,Leith,8 / 10mm Spanner,General DIY,2
ETL0838,Screwdriver Sets,Portobello,Portobello,Flathead ratchet screwdriver,General DIY,2
ETL0836,Lineman Plier,Portobello,Portobello,Pliers,General DIY,2
ETL0666,Crescent Wrench,Leith,Leith,Set of Spanner / Ratchets,General DIY,2
ETL0125,Tape Measures,Portobello,Portobello,Tape measure,General DIY,2
ETL0126,Tape Measures,Leith,Leith,Tape measure,General DIY,2
ETL0199,Tape Measures,Leith,Leith,Tape measure,General DIY,2
ETL0229,Tape Measures,Leith,Leith,Tape measure,General DIY,2
ETL0492,Tape Measures,Leith,Leith,Tape measure,General DIY,2
ETL0536,Tape Measures,Leith,Leith,Tape measure,General DIY,2
ETL0625,Tape Measures,Leith,,Tape measure,General DIY,2
ETL0626,Tape Measures,Leith,Leith,Tape measure,General DIY,2
ETL0627,Tape Measures,Leith,Leith,Tape measure,General DIY,2
ETL0628,Tape Measures,Leith,Leith,Tape measure,General DIY,2
ETL0710,Tape Measures,Portobello,Portobello,Tape measure,General DIY,2
ETL1262,Tape Measures,Leith,Leith,Tape measure,General DIY,2
ETL1865,Hack saw,Leith,Leith,Hack saw,General DIY,2
ETL1105,Brick Trowel,Portobello,Portobello,Pointing Trowel,General DIY,3
ETL1878,Torque Wrench,Leith,Leith,Torque Wrench,General DIY,3
ETL0976,Extension Cords,Leith,Leith,Extension cable,General DIY,3.99
ETL1199,Extension Cords,Leith,Leith,Extension cable,General DIY,3.99
ETL0724,Extension Cords,Leith,Leith,Extension cable,General DIY,3.99
ETL0120,Ball Peen Hammers,Leith,Leith,Ball peen hammer,General DIY,4
ETL0574,Ball Peen Hammers,Leith,Leith,Cross peen hammer,General DIY,4
ETL0095,Lineman Plier,Leith,Leith,Pliers,General DIY,4
ETL0096,Lineman Plier,Leith,Leith,Pliers,General DIY,4
ETL0204,Lineman Plier,Leith,Leith,Pliers,General DIY,4
ETL0205,Lineman Plier,Leith,Leith,Pliers,General DIY,4
ETL0583,Lineman Plier,Leith,Leith,Pliers,General DIY,4
ETL0714,Lineman Plier,Portobello,Portobello,Pliers,General DIY,4
ETL0538,Lineman Plier,Portobello,Portobello,Slip-joint Pliers,General DIY,4
ETL0578,Lineman Plier,Leith,Leith,Slip-joint Pliers,General DIY,4
ETL0235,Linoleum Knives,Leith,Leith,Stanley knife,General DIY,4
ETL0236,Linoleum Knives,Leith,Leith,Stanley knife,General DIY,4
ETL0502,Linoleum Knives,Leith,Leith,Stanley knife,General DIY,4
ETL0504,Linoleum Knives,Portobello,Portobello,Stanley knife,General DIY,4
ETL0966,Linoleum Knives,Leith,Leith,Stanley knife,General DIY,4
ETL0716,Linoleum Knives,Portobello,Portobello,Utility knife,General DIY,4
ETL0002,Shovels & Digging,Leith,Leith,Garden Spade,General DIY,4
ETL0003,Shovels & Digging,Leith,Leith,Garden Spade,General DIY,4
ETL0004,Shovels & Digging,Leith,Leith,Garden Spade,General DIY,4
ETL0565,Crescent Wrench,Leith,Leith,10/11mm Spanner,General DIY,5
ETL0564,Crescent Wrench,Leith,Leith,12/14mm Spanner,General DIY,5
ETL0567,Crescent Wrench,Leith,Leith,15/17mm Spanner,General DIY,5
ETL0562,Crescent Wrench,Leith,Leith,15mm/17mm Spanner,General DIY,5
ETL0568,Crescent Wrench,Leith,Leith,17/20mm Spanner,General DIY,5
ETL0566,Crescent Wrench,Leith,Leith,8/9mm Spanner,General DIY,5
ETL0563,Crescent Wrench,Leith,Leith,9mm/12mm Spanner,General DIY,5
ETL0102,Brick Trowel,Leith,Leith,Cement trowel,General DIY,5
ETL0104,Brick Trowel,Leith,Leith,Cement trowel,General DIY,5
ETL0127,Brick Trowel,Leith,Leith,Cement trowel,General DIY,5
ETL0219,Brick Trowel,Leith,Leith,Cement trowel,General DIY,5
ETL0352,Brick Trowel,Leith,Leith,Cement trowel,General DIY,5
ETL0659,Claw Hammers,Leith,Leith,Claw / cross-pein hammer,General DIY,5
2,Claw Hammers,Leith,Leith,Claw Hammer,General DIY,5
ETL0065,Claw Hammers,Leith,Leith,Claw Hammer,General DIY,5
ETL0066,Claw Hammers,Leith,Leith,Claw Hammer,General DIY,5
ETL0188,Claw Hammers,Leith,Leith,Claw Hammer,General DIY,5
ETL0191,Claw Hammers,Leith,Leith,Claw Hammer,General DIY,5
ETL0192,Claw Hammers,Leith,Leith,Claw Hammer,General DIY,5
ETL0193,Claw Hammers,Leith,Leith,Claw Hammer,General DIY,5
ETL0472,Claw Hammers,Leith,Leith,Claw Hammer,General DIY,5
ETL0544,Claw Hammers,Leith,Leith,Claw Hammer,General DIY,5
ETL0589,Claw Hammers,Portobello,Portobello,Claw Hammer,General DIY,5
ETL0590,Claw Hammers,Portobello,Portobello,Claw Hammer,General DIY,5
ETL0616,Claw Hammers,Leith,Leith,Claw Hammer,General DIY,5
ETL0681,Claw Hammers,Leith,Leith,Claw Hammer,General DIY,5
ETL0708,Claw Hammers,Portobello,Portobello,Claw Hammer,General DIY,5
ETL0709,Claw Hammers,Portobello,Leith,Claw Hammer,General DIY,5
ETL1011,Claw Hammers,Portobello,Portobello,Claw Hammer,General DIY,5
ETL1012,Claw Hammers,Portobello,Portobello,Claw Hammer,General DIY,5
ETL1013,Claw Hammers,Portobello,Portobello,Claw Hammer,General DIY,5
ETL1014,Claw Hammers,Portobello,Portobello,Claw Hammer,General DIY,5
ETL0121,Claw Hammers,Leith,Leith,Club hammer,General DIY,5
ETL0122,Claw Hammers,Leith,Leith,Club Hammer,General DIY,5
ETL1159,Claw Hammers,Portobello,Portobello,Club hammer,General DIY,5
ETL0178,Crescent Wrench,Leith,Leith,Crescent Wrench,General DIY,5
ETL0161,Crowbar,Leith,Leith,Crowbar,General DIY,5
ETL0194,Crowbar,Leith,Leith,Crowbar,General DIY,5
ETL0195,Crowbar,Leith,Leith,Crowbar,General DIY,5
ETL0696,Crowbar,Leith,Leith,Crowbar,General DIY,5
ETL0849,Extension Cords,Leith,Leith,Extension Lead,General DIY,5
ETL1304,Extension Cords,Portobello,Portobello,Extension Lead,General DIY,5
ETL1103,Float,Portobello,Portobello,Float Trowel,General DIY,5
ETL1104,Float,Portobello,Portobello,Float Trowel,General DIY,5
ETL1374,Float,Portobello,Portobello,Float Trowel,General DIY,5
ETL0068,Claw Hammers,Leith,Leith,tack hammer,General DIY,5
ETL0069,Claw Hammers,Leith,Leith,tack hammer,General DIY,5
ETL0514,Claw Hammers,Leith,Leith,Tack Hammer,General DIY,5
ETL0134,Hand Sickle,Leith,Leith,Hand sickle,General DIY,5
ETL1088,Socket Sets,Portobello,Portobello,Imperial Socket Set,General DIY,5
ETL0695,Crowbar,Leith,Leith,Large Crowbar,General DIY,5
ETL1090,Caulk Guns,Portobello,Portobello,Metal Clamp,General DIY,5
ETL0932,Drills,Leith,Leith,Mitre Box,General DIY,5
ETL0842,Rubber Mallets,Leith,Leith,Nylon tipped mallet,General DIY,5
ETL1075,Measuring & Layout Tools,Portobello,Portobello,Plastic Profile Gauge,General DIY,5
ETL0070,Plastic Tip Hammers,Leith,Leith,Plastic Tip Hammer,General DIY,5
ETL0522,Crowbar,Leith,Leith,Pry bar,General DIY,5
ETL0108,Pry Bar,Leith,Leith,Pry bar,General DIY,5
ETL0109,Pry Bar,Leith,Leith,Pry bar,General DIY,5
ETL0407,Pry Bar,Leith,Leith,Pry bar,General DIY,5
ETL0901,Socket Sets,Portobello,Portobello,Ratchet Socket Set,General DIY,5
ETL0667,"Bits, Drivers and Accessories",Portobello,Portobello,Screwdriver Drill Bit set,General DIY,5
ETL1193,"Bits, Drivers and Accessories",Leith,Leith,Screwdriver Drill Bit set,General DIY,5
ETL0177,Socket Sets,Leith,Leith,Socket Set,General DIY,5
ETL0652,Claw Hammers,Portobello,Portobello,Tack Hammer,General DIY,5
ETL0230,Plastic Tip Hammers,Leith,Leith,Plastic Tip Hammer,General DIY,5
ETL0103,Brick Trowel,,,Cement trowel,General DIY,5
ETL1069,Hammers & Mallets,Portobello,Portobello,Claw Hammer,General DIY,5
ETL0404,Hammers & Mallets,Leith,Leith,Club hammer,General DIY,5
ETL0509,Hammers & Mallets,Leith,Leith,Club hammer,General DIY,5
ETL1066,Crowbar,Portobello,Portobello,Crowbar,General DIY,5
ETL1067,Crowbar,Portobello,Portobello,Crowbar,General DIY,5
ETL0367,Float,Leith,Leith,Float Trowel,General DIY,5
ETL0707,Float,Portobello,Portobello,Float Trowel,General DIY,5
ETL1387,Float,Leith,Leith,Float Trowel,General DIY,5
ETL1003,Misc,Leith,Leith,Mitre Box,General DIY,5
ETL1822,Socket Sets,Portobello,Portobello,Socket Set,General DIY,5
ETL1195,Crescent Wrench,Leith,Leith,Adjustable spanner,General DIY,6
ETL1196,Crescent Wrench,Leith,Leith,Adjustable spanner,General DIY,6
ETL0674,Slip Joint Pliers,Leith,Leith,slip joint pliers,General DIY,6
ETL0715,Slip Joint Pliers,Portobello,Portobello,slip joint pliers,General DIY,6
ETL0260,Wallpaper Steamer,Leith,Leith,Wallpaper perforator,General DIY,6
ETL0501,Wallpaper Steamer,Leith,Leith,Wallpaper perforator,General DIY,6
ETL1238,Wallpaper Steamer,Leith,Leith,Wallpaper perforator,General DIY,6
ETL0202,Crescent Wrench,Leith,Leith,Adjustable spanner,General DIY,6
ETL1194,Crescent Wrench,Leith,Leith,Adjustable spanner,General DIY,6
ETL1285,Crescent Wrench,Leith,Leith,Adjustable spanner,General DIY,6
ETL1224,Wrenches,Leith,Leith,Adjustable Spanner,General DIY,6
ETL1093,Cement Chisel,Portobello,Portobello,Brick Bolster chisel,General DIY,8
ETL1094,Cement Chisel,Portobello,Portobello,Brick Bolster chisel,General DIY,8
ETL6678,Cement Chisel,Portobello,Portobello,Brick Bolster chisel,General DIY,8
ETL6679,Cement Chisel,Portobello,Portobello,Brick Bolster chisel,General DIY,8
ETL0974,Drill Bits,Leith,Leith,Forstner Bit Set,General DIY,8
ETL1370,Drill Bits,Leith,Leith,Router Bit Set,General DIY,8
ETL0107,Pipe Wrenches,Leith,Leith,Pipe wrench,General DIY,8
ETL0201,Pipe Wrenches,Leith,Leith,Pipe wrench,General DIY,8
ETL1087,Staple Gun,Portobello,Portobello,Staple Gun,General DIY,8
ETL0131,Cement Chisel,Leith,Leith,Stone chisel,General DIY,8
ETL0185,Cement Chisel,Leith,Leith,Stone chisel,General DIY,8
ETL0217,Cement Chisel,Leith,Leith,Stone chisel,General DIY,8
ETL0218,Cement Chisel,Leith,Leith,Stone chisel,General DIY,8
ETL0223,Cement Chisel,Leith,Leith,Stone chisel,General DIY,8
ETL0224,Cement Chisel,Leith,Leith,Stone chisel,General DIY,8
ETL0225,Cement Chisel,Leith,Leith,Stone chisel,General DIY,8
ETL0483,Cement Chisel,Portobello,Portobello,Stone chisel,General DIY,8
ETL1359,Cement Chisel,Leith,Leith,Stone chisel,General DIY,8
ETL0295,Hanging Lights,Leith,Leith,Work light,General DIY,8
ETL0296,Hanging Lights,Leith,Leith,Work light,General DIY,8
ETL1235,"Bits, Drivers and Accessories",Leith,Leith,Router bit set,General DIY,8
7,Routers,Leith,Leith,Router Bit Set,General DIY,8
ETL1391,Routers,Leith,Leith,Router Bit Set,General DIY,8
ETL0952,Staple Gun,Leith,Leith,Staple Gun,General DIY,8
ETL1071,Staple Gun,Leith,Leith,Staple Gun,General DIY,8
ETL0117,Levels,Leith,Leith,1m Spirit Level,General DIY,10
ETL0196,Levels,Leith,Leith,1m Spirit Level,General DIY,10
ETL1186,Levels,Leith,Portobello,1m Spirit Level,General DIY,10
ETL0577,Levels,Leith,Leith,24cm Spirit Level,General DIY,10
ETL0965,Levels,Leith,Leith,60cm Spirit Level,General DIY,10
ETL0992,Levels,Portobello,Portobello,60cm Spirit Level,General DIY,10
ETL0993,Levels,Portobello,Portobello,60cm Spirit Level,General DIY,10
ETL1001,Levels,Portobello,Portobello,60cm Spirit Level,General DIY,10
ETL1083,Crescent Wrench,Portobello,Portobello,"Adjustable Spanner, 250mm",General DIY,10
ETL1188,Allen Wrench Sets,Leith,Leith,Allen Keys,General DIY,10
ETL0141,Chalklines,Leith,Leith,Chalk line marker,General DIY,10
ETL1155,"Bits, Drivers and Accessories",Leith,Leith,Drill and Screwdriver Bit set,General DIY,10
ETL0285,"Bits, Drivers and Accessories",Leith,Leith,Drill Bit set,General DIY,10
ETL0551,"Bits, Drivers and Accessories",Leith,Leith,Drill Bit set,General DIY,10
ETL0648,"Bits, Drivers and Accessories",Leith,Leith,Drill Bit set,General DIY,10
ETL1180,"Bits, Drivers and Accessories",Leith,Leith,Drill Bit set,General DIY,10
ETL1318,"Bits, Drivers and Accessories",Leith,Leith,Drill Bit set,General DIY,10
ETL0246,Bar Clamps,Leith,Leith,G clamp,General DIY,10
ETL0247,Bar Clamps,Leith,Leith,G clamp,General DIY,10
ETL0388,Bar Clamps,Leith,Leith,G clamp,General DIY,10
ETL0884,Bar Clamps,Leith,Leith,G clamp,General DIY,10
ETL0885,Bar Clamps,Leith,Leith,G clamp,General DIY,10
ETL0996,Bar Clamps,Portobello,Portobello,G Clamp,General DIY,10
ETL0997,Bar Clamps,Portobello,Portobello,G Clamp,General DIY,10
ETL1338,Bar Clamps,Portobello,Portobello,G clamp,General DIY,10
ETL0941,Bar Clamps,Leith,Leith,G clamp set of 2,General DIY,10
ETL0942,Bar Clamps,Leith,Leith,G clamp set of 2,General DIY,10
ETL0481,Bar Clamps,Portobello,Portobello,G clamp (set of 4),General DIY,10
ETL0886,Bar Clamps,Leith,Leith,G clamp set of 4,General DIY,10
ETL0877,Bar Clamps,Leith,Leith,Micro G clamps (set of 2),General DIY,10
ETL1091,Bar Clamps,Portobello,Portobello,G clamp set of 2,General DIY,10
ETL1092,Bar Clamps,Portobello,Portobello,G clamp set of 3,General DIY,10
ETL0943,Bar Clamps,Leith,Leith,Small G clamp,General DIY,10
ETL0880,Bar Clamps,Leith,Leith,Speed clamp - Set of 2,General DIY,10
ETL0139,Rivet Tools,Leith,Leith,Hand riveter,General DIY,10
ETL0876,Bar Clamps,Leith,Leith,Spring clamps (set of 4),General DIY,10
ETL0938,Levels,Leith,Leith,Magnetic Spirit Level,General DIY,10
ETL0569,Crescent Wrench,Leith,Leith,Miniature Spanner Set,General DIY,10
ETL0576,Crescent Wrench,Leith,Leith,Miniature Spanner Set,General DIY,10
ETL1406,Crowbar,Leith,Leith,Pry bar,General DIY,10
ETL0603,Screwdriver Sets,Leith,Leith,Ratchet screwdriver set,General DIY,10
ETL1307,Drill Bits,Portobello,Portobello,Screwdriver/socket bits set,General DIY,10
ETL1056,Screwdriver Sets,Leith,Leith,Set of leatherworking awls,General DIY,10
ETL0878,Bar Clamps,Leith,Leith,Small table vice,General DIY,10
ETL0283,Screwdriver Sets,Leith,Leith,Spiral ratchet screwdriver,General DIY,10
ETL0385,Levels,Leith,Leith,"Spirit level 27"" / 70cm",General DIY,10
ETL0406,Levels,Portobello,Portobello,"Spirit level 27"" / 70cm",General DIY,10
ETL0359,Levels,Portobello,Leith,"Spirit Level 36"" / 910mm",General DIY,10
ETL0361,Levels,Leith,Leith,"Spirit level 9"" / 23cm",General DIY,10
ETL1252,"Bits, Drivers and Accessories",Leith,Leith,Drill Bit Set,General DIY,10
ETL1236,Drill Bits,Leith,Leith,Screwdriver/socket bits set,General DIY,10
ETL1344,"Bits, Drivers and Accessories",Portobello,Portobello,7 countersink wood drill bits and L-shaped hexagon spanner,General DIY,12
ETL0138,Staple Gun,Leith,Leith,Staple gun,General DIY,12
ETL0701,Staple Gun,Portobello,Portobello,Staple gun,General DIY,12
ETL0197,Allen Wrench Sets,Leith,Leith,Allen Key Set,General DIY,15
ETL0874,Allen Wrench Sets,Portobello,Portobello,Allen Keys,General DIY,15
ETL0112,Drill Press (hand),Leith,Leith,Drill stand,General DIY,15
ETL1884,Drill Bits,Leith,Leith,Forster bits set,General DIY,15
ETL0255,Drills,Leith,Leith,Hand drill,General DIY,15
ETL0258,Drills,Leith,Leith,Hand drill,General DIY,15
ETL0512,Drills,Leith,Leith,Hand Drill,General DIY,15
ETL0572,Drills,Leith,Leith,Hand drill,General DIY,15
ETLBAG001,Buckets,Leith,Leith,Large Burlap Bag,General DIY,15
ETLBAG002,Buckets,Leith,Leith,Large Burlap Bag,General DIY,15
ETLBAG004,Buckets,Leith,Leith,Large cotton Bag,General DIY,15
ETLBAG005,Buckets,Leith,Leith,Large cotton Bag,General DIY,15
ETLBAG006,Buckets,Leith,Leith,Large cotton Bag,General DIY,15
ETLBAG011,Buckets,Leith,Leith,Large Reusable Bag,General DIY,15
ETLBAG012,Buckets,Leith,Leith,Large Reusable Bag,General DIY,15
ETLBAG008,Buckets,Leith,Leith,Medium Reusable Bag,General DIY,15
ETLBAG009,Buckets,Leith,Leith,Medium Reusable Bag,General DIY,15
ETL1113,Vise Grips,Leith,Leith,Mole grips,General DIY,15
ETL1395,Vise Grips,Leith,Leith,Mole grips,General DIY,15
ETL1396,Vise Grips,Leith,Leith,Mole grips,General DIY,15
ETL0200,Screwdriver Sets,Leith,Leith,Screwdriver set,General DIY,15
ETL0454,Screwdriver Sets,Leith,Leith,Screwdriver set,General DIY,15
ETL1185,Screwdriver Sets,Leith,Leith,Screwdriver set,General DIY,15
ETLBAG003,Buckets,Leith,Leith,Small Burlap Bag,General DIY,15
ETLBAG007,Buckets,Leith,Leith,Small Reusable Bag,General DIY,15
ETLBAG010,Buckets,Leith,Leith,Small Reusable Bag,General DIY,15
ETL1819,Screwdriver Sets,Portobello,Portobello,Small screwdriver set,General DIY,15
ETL0949,Staple Gun,Leith,Portobello,STAPLE GUN (4 WAY),General DIY,15
ETL1300,Keys,Portobello,Portobello,Allen Key set,General DIY,15
ETL0490,Drills,Leith,Leith,Hand Drill,General DIY,15
ETL6681,Hand Tools,Leith,Leith,Pipe cutter,General DIY,15
ETL1343,"Bits, Drivers and Accessories",Portobello,Leith,10 Piece Masonry Drill Bit set,General DIY,20
ETL1345,"Bits, Drivers and Accessories",Portobello,Portobello,10 Pieces Masonry Drill Bit set,General DIY,20
ETL1349,"Bits, Drivers and Accessories",Portobello,Portobello,10mm SDS Masonry Drill Bit,General DIY,20
ETL1358,"Bits, Drivers and Accessories",Portobello,Portobello,12mm SDS Masonry Drill Bit,General DIY,20
ETL1259,"Bits, Drivers and Accessories",Leith,Leith,4 Piece SDS Drill Bit set (masonry),General DIY,20
ETL1260,"Bits, Drivers and Accessories",Leith,Leith,4 Piece SDS Drill Bit set (masonry),General DIY,20
ETL1341,"Bits, Drivers and Accessories",Portobello,Portobello,4 Piece SDS Masonry Drill Bit set,General DIY,20
ETL1883,Belt Sanders,Leith,Leith,Belt sander,General DIY,20
ETL1290,Pipe Cutters,Leith,Leith,Bottle cutter,General DIY,20
ETL1141,Cordless Drills,Portobello,Portobello,Cordless Hammer Drill,General DIY,20
ETL0899,Cordless Drills,Portobello,Portobello,Electric Screwdriver,General DIY,20
ETL1147,Cordless Drills,Portobello,Portobello,Electric Screwdriver,General DIY,20
ETL1148,Cordless Drills,Portobello,Portobello,Electric Screwdriver,General DIY,20
ETL1297,Cordless Drills,Portobello,Portobello,Electric Screwdriver,General DIY,20
ETL1342,"Bits, Drivers and Accessories",Portobello,Portobello,HSS steel drill bit set (19 bits) (1-10mm),General DIY,20
ETL0602,"Scythes, Sickles & Machetes",Leith,Leith,Hawkbill Machete,General DIY,20
ETL0994,Open End Wrench,Portobello,Portobello,Metric Combo Spanner Set,General DIY,20
ETL0998,Open End Wrench,Portobello,Portobello,Metric Combo Spanner Set,General DIY,20
ETL1006,Saws,Portobello,Portobello,Panel Saw,General DIY,20
ETL0326,Cordless Drills,Leith,Leith,Performance Power Pro Electric Screwdriver,General DIY,20
ETL0896,Socket Sets,Leith,Leith,Ratchet Socket set,General DIY,20
ETL1382,Corner Clamp,Leith,Leith,Set of 5 small metal clamps,General DIY,20
ETL1117,Step Ladders,Portobello,Portobello,Small Step Ladder,General DIY,20
ETL0136,Socket Sets,Portobello,Portobello,Socket set,General DIY,20
ETL0114,Open End Wrench,Leith,Leith,Spanner set,General DIY,20
ETL0115,Open End Wrench,Leith,Leith,Spanner set,General DIY,20
ETL0875,Stud finder,Leith,Leith,Stanley Intellisensor Pro Stud finder,General DIY,20
ETL1340,Staple Gun,Portobello,Portobello,Staple Gun,General DIY,20
ETL0137,Testers (hand held),Leith,Leith,Stud finder,General DIY,20
ETL0331,Testers (hand held),Leith,Leith,Stud finder,General DIY,20
ETL0894,Testers (hand held),Leith,Leith,Stud finder,General DIY,20
ETL1390,Testers (hand held),Leith,Leith,Stud finder,General DIY,20
ETL1425,Cordless Hammer Drills,Leith,Leith,Cordless hammer drill,General DIY,20
ETL1225,Manual Drain Auger,Leith,Leith,Manual Drain Auger,General DIY,23
ETL1263,Drill Bits,Portobello,Portobello,75 Piece Drill Bit Set,General DIY,25
ETL1264,Drill Bits,Portobello,Portobello,75 Piece Drill Bit Set,General DIY,25
ETL1279,Drill Bits,Portobello,Portobello,75 Piece Drill Bit Set,General DIY,25
ETL1831,Drill Bits,Portobello,Leith,75 Piece Drill Bit Set,General DIY,25
ETL0152,Hammer Drills,Leith,Leith,Corded Power Drill,General DIY,25
ETL0041,Cordless Drills,Leith,Leith,Cordless drill,General DIY,25
ETL0167,Cordless Drills,Leith,Leith,Cordless drill,General DIY,25
ETL0168,Cordless Drills,Leith,Leith,Cordless drill,General DIY,25
ETL0908,Cordless Drills,Leith,Leith,Cordless drill,General DIY,25
ETL0909,Cordless Drills,Leith,Leith,Cordless drill,General DIY,25
ETL1207,Cordless Drills,Leith,Leith,Cordless drill,General DIY,25
ETL1240,Cordless Drills,Leith,Leith,Cordless drill,General DIY,25
ETL1201,Cordless Drills,Leith,Leith,Cordless drill driver,General DIY,25
ETL0989,Cordless Drills,Portobello,Portobello,Electric Screwdriver,General DIY,25
ETL1809,Rivet Tools,Portobello,Portobello,Hand riveter,General DIY,25
ETL1098,Garden Tools,Leith,Leith,Manual Lawn Mower,General DIY,25
ETL0987,Mixed Wrench Sets,Leith,Leith,Socket and Spanner Set,General DIY,25
ETL0515,Step Ladders,Leith,Leith,STEP LADDER,General DIY,25
ETL1116,Step Ladders,Portobello,Portobello,Step Ladder,General DIY,25
ETL1832,Drill Bits,Portobello,Portobello,75 Piece Drill Bit Set,General DIY,25
ETL1025,Cordless Drills,Portobello,Portobello,Cordless Drill Driver,General DIY,25
ETL1046,Heat Gun,Leith,Leith,Heat Gun,General DIY,25
ETL0411,Step Ladders,Leith,Leith,Step Ladder,General DIY,25
ETL1350,Step Ladders,Leith,Leith,Step Ladder,General DIY,25
ETL1828,Step Ladders,Portobello,Portobello,Step ladder,General DIY,25
ETL1138,Power Tools,Portobello,Portobello,Forstner,General DIY,26
ETL0503,Tools,Leith,Leith,Blow Torch,General DIY,30
ETL1855,Hole Saw Kit,Leith,Leith,Carbon Steel Hole Saw Set,General DIY,30
ETL1287,Garden Tools,Portobello,Portobello,Cordless Hedge Trimmer,General DIY,30
ETL1385,Power Drills,Leith,Leith,Electric Scraper,General DIY,30
ETL1324,String Trimmer,Leith,Leith,Flymo Strimmer,General DIY,30
ETL0623,Power Drills,Leith,Leith,Grout Out Electric Grout Remover,General DIY,30
ETL1110,Hole Saw Kit,Leith,Leith,Hole Saw Set,General DIY,30
ETL1313,Hole Saw Kit,Leith,Leith,Hole Saw Set,General DIY,30
ETL1817,Hole Saw Kit,Portobello,Portobello,Hole Saw Set,General DIY,30
ETL1386,Engraver,Leith,Leith,Multi Tool Rotary Tool,General DIY,30
ETL1283,Utility Wagon,Leith,Leith,Plastic Dolly / Trolley,General DIY,30
ETL1030,Utility Wagon,Leith,Leith,Small trolley,General DIY,30
ETL0676,Hand Tool Sets,Portobello,Portobello,Woodworking Kit,General DIY,30
ETL1206,Power Drills,,,Bosch hammer drill,General DIY,30
ETL1044,Electric Hedge Trimmer,Leith,Portobello,Hedge Trimmer,General DIY,30
ETL1045,Electric Hedge Trimmer,Leith,Leith,Hedge Trimmer,General DIY,30
ETL1041,Wet Tile Saws,Portobello,Portobello,Wet tile saw,General DIY,30
ETL1869,Corded & Plug-in,Leith,Leith,Jigsaw,General DIY,35
ETL0043,"Bits, Drivers and Accessories",Leith,Leith,75 Piece Drill Bit set,General DIY,36
ETL1173,Hand Tool Sets,Leith,Leith,Hand tool set,General DIY,40
ETL0025,Corded & Plug-in,Leith,Leith,Parkside Electric Brad Nailer,General DIY,40
ETL1383,Corded & Plug-in,Leith,Leith,Tacwise 400ELS Pro angled nail gun,General DIY,40
ETL1164,Corded & Plug-in,Portobello,Portobello,Nail Gun (Electric),General DIY,40
ETL0040,Power Drills,Portobello,Leith,Electric hammer drill,General DIY,40
ETL1047,Hammer Drills,Portobello,Portobello,Electric Hammer Drill,General DIY,40
ETL0280,Heat Gun,Leith,Leith,Black & Decker Heat gun,General DIY,45
ETL0150,Power Drill 3/8in,Leith,Leith,Corded drill,General DIY,45
ETL1269,Jacks,Leith,Leith,Hydraulic trolley jack,General DIY,45
ETL0162,Crosscut Saw,Leith,Leith,Hand Saw,General DIY,45
ETL0703,"Bits, Drivers and Accessories",Leith,Leith,34 Piece Drill Bit set,General DIY,47
ETL0705,"Bits, Drivers and Accessories",Leith,Leith,5 Piece SDS Hammer Drill Bit set,General DIY,47
ETL1213,"Bits, Drivers and Accessories",Leith,Leith,SDS Masonry drill bit set,General DIY,47
ETL0198,Allen Wrench Sets,Leith,Leith,Allen Key Driver Set,General DIY,50
ETL1407,String Trimmer,Leith,Leith,Challenge electric grass trimmer,General DIY,50
ETL0455,Cordless Hammer Drills,Portobello,Portobello,Cordless Hammer Drill,General DIY,50
ETL0447,Cordless Drills,Leith,Leith,Makita cordless drill,General DIY,50
ETL0711,Cordless Drills,Leith,Leith,Parkside cordless drill,General DIY,50
ETL0350,Engraver,Leith,Leith,Multi Tool Rotary Tool,General DIY,50
ETL1309,Engraver,Portobello,Leith,Multi Tool Rotary Tool,General DIY,50
ETL0449,Cordless Drills,Portobello,Leith,Parkside cordless drill,General DIY,50
ETL0593,Utility Wagon,Leith,Leith,Sack trolley,General DIY,50
ETL1296,Utility Wagon,Portobello,Portobello,Sack trolley,General DIY,50
ETL0347,Cordless Drills,Leith,Leith,Makita cordless drill,General DIY,50
ETL0366,Cordless Drills,Leith,Leith,Makita Cordless Drill,General DIY,50
ETL1352,Cordless Drills,Leith,Leith,Makita Cordless Drill,General DIY,50
ETL1851,Cordless Drills,Leith,Leith,Makita cordless drill,General DIY,50
ETL6674,Cordless Drills,Leith,Leith,Makita cordless drill,General DIY,50
ETL0848,Wet-Dry Vac,Leith,Leith,Bissell Carpet Washer,General DIY,60
ETL1135,Power Tools,Portobello,Portobello,Mitre Saw with Laser Guide,General DIY,60
ETL0600,Hammer Drills,Leith,Leith,Black & Decker corded hammer drill,General DIY,80
ETL0898,Hammer Drills,Leith,Leith,Black & Decker corded hammer drill,General DIY,80
ETL1328,Hammer Drills,Portobello,Portobello,Bosch corded SDS hammer drill,General DIY,80
ETL0910,Hammer Drills,Leith,Leith,Corded hammer drill,General DIY,80
ETL1208,Power Drill 3/8in,Leith,Leith,Corded hammer drill,General DIY,80
ETL1246,Power Drill 3/8in,Leith,Leith,Corded hammer drill,General DIY,80
ETL0633,Hammer Drills,Leith,Leith,Dewalt corded SDS hammer drill,General DIY,80
ETL1163,Hammer Drills,Portobello,Portobello,Hammer Drill,General DIY,80
ETL0897,Hammer Drills,Leith,Leith,Power Devil corded hammer drill,General DIY,80
ETL1862,Corded & Plug-in,Leith,Leith,Corded hammer drill,General DIY,80
ETL1142,Hammer Drills,Portobello,Portobello,Corded Hammer Drill,General DIY,80
ETL1144,Power Drill 1/2in,Portobello,Portobello,Corded Hammer Drill,General DIY,80
ETL1162,Power Drill 3/8in,Portobello,Portobello,Hammer Drill,General DIY,80
ETL1299,Garden Tools,Portobello,Portobello,Lawn Mower,General DIY,80
ETL1146,Routers,Portobello,Portobello,Plunge Router,General DIY,80
ETL1042,Power Saws,Portobello,Portobello,Reciprocating Saw,General DIY,80
Etl1882,Scroller Power Saw,Leith,Leith,Scroll saw,General DIY,90
ETL0453,Hammer Drills,Leith,Leith,Makita SDS Rotary Hammer Drill,General DIY,100
ETL1803,Drill Bits,Leith,Leith,Diamond Core Drill Kit,General DIY,110
ETL1114,Hand Tools,Leith,Leith,Portable Folding Work Bench,General DIY,110
ETL1115,Hand Tools,Portobello,Portobello,Portable Folding Work Bench,General DIY,110
ETL1311,Hand Tools,Portobello,Portobello,Portable Folding Work Bench,General DIY,110
ETL1320,Hand Tools,Portobello,Portobello,Portable Folding Work Bench,General DIY,110
ETL1321,Hand Tools,Portobello,Portobello,Portable Folding Work Bench,General DIY,110
ETL0156,Miscellaneous Furniture,Leith,Leith,Portable Work bench,General DIY,110
ETL0273,Miscellaneous Furniture,Leith,Leith,Portable Work bench,General DIY,110
ETL0356,Miscellaneous Furniture,Leith,Leith,Portable Work bench,General DIY,110
ETL0895,Miscellaneous Furniture,Leith,Leith,Portable Work bench,General DIY,110
ETL1811,Miscellaneous Furniture,Leith,Leith,Portable Work bench,General DIY,110
ETL0911,Levels,Leith,Leith,Self-levelling Laser level,General DIY,110
ETL0312,Levels,Leith,Leith,Spirit level,General DIY,110
ETL1179,Levels,Leith,Leith,Spirit level,General DIY,110
ETL6503,Hammer Drills,Leith,Leith,Makita SDS corded hammer drill,General DIY,120
ETL0873,Compressors,Leith,Leith,Airmaster Tiger Air Compressor,General DIY,150
ETL0430,Lawn Mower,Leith,Leith,Petrol Lawn mower,General DIY,150
ETL0387,Cordless Drills,Leith,Leith,JCB 20v Cordless Drill,General DIY,200
ETL0400,Angle Grinders,Leith,Leith,DeWalt cordless angle grinder,General DIY,300
ETL1427,Band Saws,Leith,Leith,Band Saw,General DIY,500
ETL1303,Socket Sets,Portobello,Portobello,1/2 in drive imperial socket set,General DIY,5
ETL0525,Bow Saws,Leith,Leith,"12"" Bow Saw",General DIY,8
ETL0581,Crescent Wrench,Leith,Leith,13.5cm Spanner,General DIY,2
ETL0561,Crescent Wrench,Leith,Leith,13mm/26mm Spanner,General DIY,2
ETL0605,Crescent Wrench,Leith,Leith,15cm Adjustable Spanner,General DIY,2
ETL1187,Crescent Wrench,Leith,Leith,15cm Adjustable Spanner,General DIY,2
ETL0580,Crescent Wrench,Leith,Leith,16cm Spanner,General DIY,2
ETL0559,Crescent Wrench,Leith,Leith,16mm/20mm Spanner,General DIY,2
ETL0560,Crescent Wrench,Leith,Leith,18mm/22mm Spanner,General DIY,2
ETL0558,Crescent Wrench,Leith,Leith,18mm/24mm Spanner,General DIY,2
ETL0557,Crescent Wrench,Leith,Leith,25mm/38mm Spanner,General DIY,2
ETL1170,Sharpeners,Leith,Leith,4-in-One Sharpener,General DIY,
ETL0413,Crescent Wrench,Leith,Leith,"6"" Spanner",General DIY,2
ETL1302,Wrench Sets,Portobello,Portobello,8 piece imperial Hex (Allen) Key Set,General DIY,
ETL1086,Crescent Wrench,Portobello,Portobello,"8"" Adjustable Spanner",General DIY,2
ETL1301,Allen Wrench Sets,Portobello,Portobello,9 piece imperial allen key set,General DIY,1
ETL0391,Step Ladders,Leith,Leith,Abru platform stepladders,General DIY,20
ETL1294,Crescent Wrench,Leith,Leith,Adjustable Crescent Spanner,General DIY,2
ETL0995,Crescent Wrench,Portobello,Portobello,"Adjustable Crescent Spanner 15""",General DIY,2
ETL0408,Crescent Wrench,Leith,Leith,"Adjustable Crescent Spanner, 250mm",General DIY,2
ETL0384,Cordless Drills,Leith,Leith,Black & Decker 12v Cordless Drill,General DIY,0
ETL1863,Cordless Power Tools,Leith,Leith,Black and decker quattro,General DIY,
ETL1335,Cordless Hammer Drills,Leith,Leith,Bosch Hammer Drill GBH 24 V SDS Plus,General DIY,20
ETL1308,"Bits, Drivers and Accessories",Portobello,Portobello,BOSCH Multi Bit Set,General DIY,5
ETL1412,Routers,Leith,Leith,Bosch Router,General DIY,8
ETL0946,"Bits, Drivers and Accessories",Leith,Leith,BOSCH X50Ti Drill Bit Set,General DIY,5
ETL1254,Cordless Drills,Leith,Leith,Bosh cordless drill,General DIY,0
ETL0489,Brick Hammers,Leith,Leith,Brick Hammer/Mallet,General DIY,5
ETL0653,Brick Hammers,Leith,Leith,Brick or Stonemason's Hammer,General DIY,5
ETL1169,"Pliers, Cutters, and Snips",Leith,Leith,Carpenter's Pincers,General DIY,4
ETL0220,Float,Leith,Leith,Cement hawk,General DIY,5
ETL0221,Float,Leith,Leith,Cement or plaster hawk,General DIY,5
ETL0434,Chisels & Gouges,Leith,Leith,Chisel,General DIY,
ETL0545,Crescent Wrench,Leith,Leith,Combination Spanner Wrench,General DIY,2
ETL1868,Cordless Screwdrivers,Leith,Leith,Cordless screwdriver,General DIY,
ETL1191,Trowel,Leith,Leith,Corner Trowel Set (2 piece),General DIY,
ETL1112,Crimpers,Leith,Leith,Crimping Tool Set,General DIY,
ETL1068,Hand Tools,Portobello,Portobello,Cross Pein Hammer,General DIY,0
ETL0346,Corded & Plug-in,Leith,Leith,DeWalt corded hammer drill,General DIY,0
ETL1253,Hammer Drills,Leith,Leith,DeWalt Corded Hammer Drill,General DIY,25
ETL1251,Cordless Drills,Leith,Leith,DeWalt Cordless Drill,General DIY,0
ETL1367,Cordless Drills,Leith,Leith,DeWalt Cordless Drill,General DIY,0
ETL1368,Cordless Drills,Leith,Leith,DeWalt Cordless Drill,General DIY,0
ETL0389,Distance Meters,Leith,Leith,Distance Measure,General DIY,
ETL1347,Drill Bits,Leith,Leith,Drill bits,General DIY,8
ETL1354,Drill Bits,Leith,Leith,Drill bits,General DIY,8
ETL1255,Drill Bits,Leith,Leith,Drill Driver Bit Set,General DIY,8
ETL1838,Drills,Leith,Leith,Drill template set,General DIY,5
ETL1850,Drill Bits,Leith,Leith,Drill/Driver Bit Set,General DIY,8
ETL1038,Power Tools,Portobello,Portobello,Electric Grout Remover,General DIY,26
ETL0526,Extension Ladder,Leith,Leith,Extension Ladder,General DIY,
ETL0527,Extension Ladder,Leith,Leith,Extension Ladder,General DIY,
ETL1416,Extension Ladder,Portobello,Portobello,Extension Ladder,General DIY,
ETL1288,Tuck Point Trowel,Leith,Leith,Finger Pointing Trowel,General DIY,
ETL1289,Tuck Point Trowel,Leith,Leith,Finger pointing trowel,General DIY,
ETL1295,Tuck Point Trowel,Leith,Leith,Finger Pointing Trowel,General DIY,
ETL1413,Drill Bits,Leith,Leith,Folsom Auger Bit Set,General DIY,8
ETL0436,Hot Glue Gun,Leith,Leith,Glue Gun,General DIY,
ETL0999,Hot Glue Gun,Portobello,Leith,Glue Gun,General DIY,
ETL0697,Chisels & Gouges,Leith,Leith,half moon gouge,General DIY,
ETL0698,Chisels & Gouges,Leith,Leith,half moon gouge,General DIY,
ETL0700,Chisels & Gouges,Leith,Leith,half moon gouge,General DIY,
ETL0151,Hammer Drills,Portobello,Portobello,Hammer Drill (corded),General DIY,25
ETL1052,Hammer Drills,Portobello,Portobello,Hammer Drill (corded),General DIY,25
ETL043,Hammers & Mallets,Leith,Leith,Hammer mallet,General DIY,5
ETL1814,Drill Press (hand),Leith,Leith,Hand drill press,General DIY,15
ETL0466,Coping Saw,Leith,Leith,Tennon Saw,General DIY,10
ETL1293,Drill Bits,Leith,Leith,Heavy Duty SDS+ drill bit set,General DIY,8
ETL1871,Corded & Plug-in,Leith,Leith,Hot air gun,General DIY,0
ETL1419,Cordless Impact Drivers,Leith,Leith,Impact driver,General DIY,
ETL0903,Misc,Leith,Leith,Laminate Cutter,General DIY,5
ETL0656,Squares,Leith,Leith,Large Wooden Protractor,General DIY,5
ETL1839,Levels,Leith,Leith,Laser Edge Level,General DIY,10
ETL0465,Misc,Leith,Leith,Leather Tool Belt,General DIY,5
ETL1373,Misc,Portobello,Portobello,Leather Tool Belt,General DIY,5
ETL0429,Straight Ladder,Leith,Leith,Long ladder,General DIY,
ETL0405,Hammers & Mallets,Portobello,Portobello,Lump hammer,General DIY,5
ETL1353,Cordless Drills,Leith,Leith,Makita impact driver,General DIY,0
13,Cordless Drills,Portobello,Portobello,Makita cordless drill driver,General DIY,0
ETL1043,Cordless Drills,Portobello,Portobello,Makita cordless drill driver,General DIY,0
ETL1192,Drill Bits,Leith,Leith,Pocket joint drill and screw bit set / jig,General DIY,8
ETL0493,Tap and Die,Leith,Leith,Metric Tap & Die Set,General DIY,10
ETL0931,Distance Meters,Leith,Leith,Micrometer,General DIY,
ETL1818,Distance Meters,Portobello,Portobello,Micrometer,General DIY,
ETL1825,Ratchet Straps,Leith,Leith,Mini Endless Ratchet Strap,General DIY,
ETL1826,Ratchet Straps,Leith,Leith,Mini Endless Ratchet Strap,General DIY,
ETL0528,Hot Glue Gun,Leith,Leith,Mini Glue Gun,General DIY,
ETL1840,Hand Tool Sets,Leith,Leith,Mini Tool Set,General DIY,30
ETL1842,Sanders & Planers,Leith,Leith,Mouse Sander,General DIY,50
ETL0370,Power Saws,Leith,Leith,Multifunction Jigsaw/Handsaw,General DIY,50
ETL0365,Hammer Drills,Leith,Portobello,Makita Rotary Hammer Drill (SDS+ 22mm 240v),General DIY,25
ETL1040,Staple Guns,Leith,Portobello,Nail-Staple Gun,General DIY,
ETL0000,Tools,Leith,Leith,OTHER NON-REGISTERED ITEMS,General DIY,30
ETL0524,Paint Sprayer,Leith,Leith,Paint Sprayer,General DIY,40
ETL0917,Pipe Cutters,Leith,Leith,Pipe Bender,General DIY,15
ETL1820,Spanner Wrenches,Portobello,Portobello,"Pipe Wrench / Stilson 14""",General DIY,
ETL1870,Drill Press (power),Leith,Leith,Portable drill press,General DIY,
ETL0934,Post Hole Digger,Leith,Leith,Post Spade,General DIY,40
ETL1873,Corded & Plug-in,Leith,Leith,Powered hacksaw,General DIY,0
ETL1880,Roller Tool,Leith,Leith,Precision Calipers,General DIY,
ETL1821,Garden Tools,Portobello,Portobello,"Rake, Leaf",General DIY,7
ETL1852,Drill Bits,Leith,Leith,Ratcheted Screw Driver and Plier Set with bits.,General DIY,8
ETL0913,Socket Sets,Leith,Leith,Ratcheting Socket Set,General DIY,5
11,Hand Wood Splitter,Portobello,Portobello,Roughneck Manual Wood Splitter,General DIY,
ETL0422,Shears,Leith,Leith,scissors,General DIY,12
ETL0423,Shears,Leith,Leith,SCISSORS,General DIY,12
ETL0424,Shears,Leith,Leith,SCISSORS,General DIY,12
ETL1316,Hand Tools,Portobello,Portobello,Screw & Bolt Extractor Set,General DIY,0
ETL1033,Drill Bits,Leith,Leith,Screw Extractor,General DIY,8
ETL0533,Rubber Mallets,Leith,Leith,Screwdriver 6-way,General DIY,5
ETL1061,Caulk Guns,Leith,Leith,Sealant gun,General DIY,2
ETL1872,Tools,Leith,Portobello,Self levelling laser,General DIY,30
ETL0928,Saw Horses,Leith,Leith,Set 2 Heavy Duty Trestles,General DIY,
ETL0412,Caulk Guns,Leith,Leith,Silicon Gun,General DIY,2
ETL0620,Caulk Guns,Leith,Leith,Silicon Sealant / Caulking Gun,General DIY,2
ETL1132,Caulk Guns,Leith,Leith,Silicone Gun,General DIY,2
ETL1133,Caulk Guns,Portobello,Portobello,Silicone Gun,General DIY,2
ETL1275,Buckets,Leith,Leith,Small Bucket,General DIY,15
ETL0415,Levels,Leith,Leith,Spirit level 72cm,General DIY,10
ETL1369,Knives,Portobello,Portobello,Stanley / Utility Knife,General DIY,
ETL1823,Knives,Portobello,Portobello,Stanley / Utility Knife,General DIY,
ETL1835,Hatchet,Portobello,Portobello,Stanley hatchet,General DIY,
ETL0206,Rulers,Leith,Leith,Steel ruler,General DIY,
ETL0650,Rulers,Leith,Leith,Steel ruler,General DIY,
ETL0651,Rulers,Leith,Leith,Steel ruler,General DIY,
ETL0338,Step Ladders,Leith,Leith,Step ladders,General DIY,20
ETL1332,Step Ladders,Leith,Leith,Step ladders,General DIY,20
ETL1824,Tap and Die,Portobello,Portobello,Tap and Die Set - Metric,General DIY,10
ETL0893,Saws,Leith,Leith,Tile Saw,General DIY,5
ETL0381,Corded & Plug-in,Leith,Leith,Titan Hex Shank Breaker,General DIY,0
ETL6680,Extension Ladder,Portobello,Portobello,Triple Extension Ladder,General DIY,
ETL0948,Trowel,Leith,Leith,Trowel,General DIY,
ETL1410,Trowel,Leith,Leith,Trowel,General DIY,
ETL1215,Hammer Drills,Leith,Leith,Variable Speed SDS Corded Hammer Drill,General DIY,25
ETL0699,Wet Tile Saws,Leith,Leith,Vitrex Portable Diamond Blade Wet Saw 100mm,General DIY,30
4,Sharp Bristle Brushes,Leith,Leith,Wire brush,General DIY,3
ETL0546,Sharp Bristle Brushes,Leith,Leith,Wire brush,General DIY,3
ETL0639,Sharp Bristle Brushes,Leith,Leith,Wire brush,General DIY,3
ETL0418,Crimpers,Portobello,Portobello,Wire Crimper,General DIY,
ETL0033,Angle Grinders,,,Angle Grinder,Metalworking,0
ETL6677,Angle Grinders,Portobello,Portobello,Angle grinder,Metalworking,0
ETL0484,Files,Portobello,Portobello,Half Moon Rasp,Metalworking,1
ETL0479,Hack saw,Leith,Leith,Hack saw,Metalworking,2
ETL0573,Ball Peen Hammers,Leith,Leith,Ball peen hammer,Metalworking,4
ETL0615,Ball Peen Hammers,Leith,Leith,Ball peen hammer,Metalworking,4
ETL1015,Ball Peen Hammers,Portobello,Portobello,Ball Pein Hammer,Metalworking,4
ETL0867,Files,Leith,Leith,Half moon/half rounded File,Metalworking,4
ETL0859,Files,Leith,Leith,Round File,Metalworking,4
ETL0860,Files,Leith,Leith,Round File,Metalworking,4
ETL0861,Files,Leith,Leith,Round File,Metalworking,4
ETL0862,Files,Leith,Leith,Round File,Metalworking,4
ETL0863,Files,Leith,Leith,Round File,Metalworking,4
ETL0110,Files,Leith,Leith,Rounded File,Metalworking,4
ETL0240,Files,Leith,Leith,Rounded File,Metalworking,4
ETL0241,Files,Leith,Leith,Rounded File,Metalworking,4
ETL0245,Files,Leith,Leith,Square Edged File,Metalworking,4
ETL0868,Files,Portobello,Portobello,Square Edged File,Metalworking,4
ETL0869,Files,Leith,Leith,Square Edged File,Metalworking,4
ETL0864,Files,Leith,Leith,Square File,Metalworking,4
ETL0865,Files,Leith,Leith,Square-edged File,Metalworking,4
ETL0851,Files,Leith,Leith,Half-moon Rasp/File,Metalworking,5
ETL0854,Files,Leith,Leith,Large Square-Edged Rasp/File,Metalworking,5
ETL0093,Needle Nose Pliers,Leith,Leith,Needle nosed pliers,Metalworking,5
ETL0094,Needle Nose Pliers,Leith,Leith,Needle nosed pliers,Metalworking,5
ETL0203,Needle Nose Pliers,Leith,Leith,Needle nosed pliers,Metalworking,5
ETL0254,Needle Nose Pliers,Leith,Leith,Needle nosed pliers,Metalworking,5
ETL0570,Needle Nose Pliers,Leith,Leith,Needle nosed pliers,Metalworking,5
ETL0713,Needle Nose Pliers,Portobello,Portobello,Needle nosed pliers,Metalworking,5
ETL0855,Files,Leith,Leith,Square-Edged Rasp / File,Metalworking,5
ETL0098,Wire Cutters,Leith,Leith,Sheet metal cutter (hand),Metalworking,6
ETL0099,Wire Cutters,Leith,Leith,Sheet metal cutter (hand),Metalworking,6
ETL0100,Wire Cutters,Leith,Leith,Sheet metal cutter (hand),Metalworking,6
ETL0130,Wire Cutters,Leith,Leith,Sheet metal cutter (hand),Metalworking,6
ETL0083,Hack saw,Leith,Leith,Hack saw,Metalworking,7
ETL0226,Hack saw,Leith,Leith,Hack saw,Metalworking,7
ETL0891,Hack saw,Leith,Leith,Hack saw,Metalworking,7
ETL0550,Hack saw,Leith,Leith,Junior Hacksaw,Metalworking,7
ETL0890,Hack saw,Leith,Leith,Junior Hacksaw,Metalworking,7
ETL0364,Hack saw,Leith,Leith,Small hack saw,Metalworking,7
ETL0513,Hack saw,Leith,Leith,Small hack saw,Metalworking,7
ETL0887,Hack saw,Leith,Leith,Small Hacksaw,Metalworking,7
ETL0888,Hack saw,Leith,Leith,Small Hacksaw,Metalworking,7
ETL0889,Hack saw,Leith,Leith,Small Hacksaw,Metalworking,7
ETL0149,Wire Cutters,Leith,Leith,Bolt Cutter,Metalworking,10
ETL1337,Files,Portobello,Portobello,File and rasp set (12 pieces),Metalworking,10
ETL0571,Files,Leith,Leith,Needle File Set,Metalworking,10
ETL0866,Files,Leith,Leith,Needle File Set,Metalworking,10
ETL0256,Files,Leith,Leith,Small File Set,Metalworking,10
ETL1136,Bench Grinders,Portobello,Portobello,Bench Grinder,Metalworking,20
ETL0328,Engraver,Leith,Leith,Dremel Multi,Metalworking,30
ETL0329,Engraver,Leith,Leith,Dremel Multi,Metalworking,30
ETL1261,Tap and Die,Leith,Leith,Clarke CHT303 28-Pce Tap & Die Set,Metalworking,32
ETL1392,Angle Grinders,Portobello,Portobello,Angle Grinder,Metalworking,40
ETL1393,Angle Grinders,Portobello,Portobello,Angle Grinder,Metalworking,40
ETL0847,Finishing Power Sanders,Leith,Leith,Clarke Sander/Polisher,Metalworking,45
ETL0452,Engraver,Portobello,Portobello,Rotary Tool,Metalworking,50
ETL0461,Engraver,Leith,Leith,Whirlwind Wizard Rotary Tool,Metalworking,50
ETL1219,Angle Grinders,Leith,Leith,Angle Grinder,Metalworking,54
ETL0925,Angle Grinders,Leith,Leith,Black & Decker Small Angle Grinder,Metalworking,54
ETL0155,Angle Grinders,Leith,Leith,Dewalt Angle Grinder,Metalworking,54
ETL0670,Angle Grinders,Leith,Leith,DeWalt Angle Grinder,Metalworking,54
ETL0026,Angle Grinders,Portobello,Portobello,Green Parkside Angle Grinder,Metalworking,54
ETL1298,Rotary Tools,Portobello,Portobello,Cordless Rotary Tool,Metalworking,57
ETL0924,Rotary Tools,Portobello,Portobello,Rotary tool,Metalworking,57
ETL0523,Angle Grinders,Leith,Leith,Agojama Angle Grinder,Metalworking,0
ETL1237,"Pliers, Cutters, and Snips",Leith,Leith,Bolt cutter 18inch,Metalworking,4
ETL6683,Engraver,Portobello,Portobello,Dremel rotary tool,Metalworking,30
ETL1424,Engraver,Leith,Leith,Engraving tool,Metalworking,30
ETL0468,Files,Leith,Leith,File,Metalworking,1
ETL0655,Files,Portobello,Portobello,File,Metalworking,1
ETL0947,Hack saw,Leith,Leith,"HACK SAW 12""",Metalworking,2
ETL0853,Files,Leith,Leith,Large Half Moon File,Metalworking,1
ETL0852,Files,Leith,Leith,Large Square Edged File,Metalworking,1
ETL1333,Hack saw,Leith,Leith,Modular hand saw,Metalworking,2
ETL0222,Finishing Stone,Leith,Leith,Sharpening stone,Metalworking,
ETL0276,Finishing Stone,Leith,Leith,Sharpening stone,Metalworking,
ETL1034,Welders,Portobello,Portobello,Stick Welder,Metalworking,100
ETL0291,Yardsticks,Leith,Leith,Yardstick/90cm foldable ruler,Miscellaneous,2
ETL0118,Misc,Leith,Leith,Fetching ETL branded hard hat,Miscellaneous,5
ETL1102,Spade Shovel,Leith,Leith,Paper briquette log maker,Miscellaneous,5
ETL1856,Misc,Leith,Leith,Velcro-Strap Knee Pads,Miscellaneous,5
ETL0158,Punch,Leith,Leith,Leather punch,Miscellaneous,10
ETL1139,Sewing Machines,Portobello,Portobello,Sewing machine,Miscellaneous,70
ETL0360,Sewing Machines,,,Sewing machine,Miscellaneous,70
ETL335,Wallpaper Steamer,Leith,Leith,Steam Cleaner,Miscellaneous,90
ETL1310,Pressure Washers,Portobello,Portobello,Pressure Washer with accessories,Miscellaneous,100
ETL0427,Pressure Washers,Leith,Leith,Pressure Washer,Miscellaneous,110
ETL1145,Tools,Leith,Leith,Dehumidifier,Miscellaneous,157
ETL1291,Activities,Leith,Leith,Bubble Machine,Miscellaneous,
ETL1248,Buckets,Leith,Leith,Bucket,Miscellaneous,15
ETL0368,Squeegees,Leith,Leith,Squeegee,Miscellaneous,
ETL0369,Squeegees,Leith,Leith,Squeegee,Miscellaneous,
ETL0975,Pressure Washers,Leith,Leith,Waxoyl Pressure Sprayer,Miscellaneous,100
ETL1080,Caulk Guns,Portobello,Portobello,Caulk Gun,Painting and Decorating,2
ETL1106,Scrapers,Portobello,Portobello,Paint scraper 100mm,Painting and Decorating,2
ETL0833,Scrapers,Portobello,Portobello,Shavehook Paint Scraper,Painting and Decorating,2
ETL0420,Caulk Guns,Portobello,Portobello,Caulk Gun,Painting and Decorating,2
ETL0717,Scrapers,Portobello,Portobello,Paint scraper 100mm,Painting and Decorating,2
ETL1108,Sharp Bristle Brushes,Portobello,Portobello,Paint Brush,Painting and Decorating,3
ETL1107,Sharp Bristle Brushes,Portobello,Portobello,"Paint Brush 3""",Painting and Decorating,3
ETL0500,Scrapers,Leith,Leith,Paint scraper,Painting and Decorating,3
ETL0609,Scrapers,Leith,Leith,Tile adhesive comb,Painting and Decorating,3
ETL1273,Scrapers,Leith,Leith,Tile adhesive comb,Painting and Decorating,3
ETL1274,Scrapers,Leith,Leith,Tile adhesive comb,Painting and Decorating,3
ETL0610,Scrapers,Leith,Leith,Wallpaper Spreader,Painting and Decorating,3
ETL0362,Scrapers,Leith,Leith,Paint scraper,Painting and Decorating,3
ETL0624,Scrapers,Leith,Leith,Paint scraper,Painting and Decorating,3
ETL0636,Scrapers,Leith,Leith,Paint scraper,Painting and Decorating,3
ETL1355,Scrapers,Leith,Leith,Paint scraper,Painting and Decorating,3
ETL1357,Scrapers,Leith,Leith,Paint scraper,Painting and Decorating,3
ETL1121,Hand Tools,Portobello,Leith,"Painting, Roller Extension Pole",Painting and Decorating,7
ETL1055,Caulk Guns,Leith,Leith,Caulking Gun,Painting and Decorating,10
ETL0403,Hand Tile Cutter,Leith,Leith,Hand Tile Cutter,Painting and Decorating,10
ETL1250,Hand Tile Cutter,Leith,Leith,NoMorePly Tile Scoring Knife,Painting and Decorating,10
ETL1160,Scrapers,Portobello,Portobello,Paint scraper,Painting and Decorating,10
ETL1161,Scrapers,Portobello,Portobello,Paint scraper,Painting and Decorating,10
ETL0632,Hand Tile Cutter,Leith,Leith,Quarry and Floor Tile Cutter,Painting and Decorating,10
ETL0142,Hand Tile Cutter,Leith,Leith,Tile cutter,Painting and Decorating,10
ETL0386,Hand Tile Cutter,Leith,Leith,Tile cutter,Painting and Decorating,10
ETL0644,Hand Tile Cutter,Leith,Leith,Tile cutter,Painting and Decorating,10
ETL0645,Hand Tile Cutter,Leith,Leith,Tile cutter,Painting and Decorating,10
ETL0986,Hand Tile Cutter,Portobello,Portobello,Tile cutter,Painting and Decorating,10
ETL1336,Hand Tile Cutter,Portobello,Portobello,Tile cutter,Painting and Decorating,10
ETL1415,Caulk Guns,Portobello,Portobello,Caulking Gun,Painting and Decorating,10
ETL1216,Paste Brush,Leith,Leith,Autopaster Wallpaper pasting tool,Painting and Decorating,15
ETL0239,Miscellaneous Furniture,Leith,Leith,Pasting Table,Painting and Decorating,20
ETL0345,Miscellaneous Furniture,Leith,Leith,Pasting Table,Painting and Decorating,20
ETL0355,Miscellaneous Furniture,Leith,Leith,Pasting Table,Painting and Decorating,20
ETL0963,Miscellaneous Furniture,Leith,Leith,Pasting Table,Painting and Decorating,20
ETL6675,Miscellaneous Furniture,Portobello,Portobello,Wallpaper Pasting Table,Painting and Decorating,20
ETL0596,Soldering & Heat Guns,Leith,Leith,Heat gun,Painting and Decorating,25
ETL0991,Soldering & Heat Guns,Leith,Leith,Heat Gun,Painting and Decorating,25
ETL0305,Soldering & Heat Guns,Leith,Leith,Heat gun/Paint stripper,Painting and Decorating,25
ETL0315,Soldering & Heat Guns,Leith,Leith,Heat gun/Paint stripper,Painting and Decorating,25
ETL1171,Wallpaper Steamer,Leith,Leith,Wallpaper steamer,Painting and Decorating,25
ETL1217,Soldering & Heat Guns,,,Fine Tipped Soldering iron,Painting and Decorating,25
ETL1054,Heat Gun,Portobello,Portobello,Heat Gun,Painting and Decorating,25
ETL0354,Wallpaper Steamer,Leith,Leith,Wallpaper Steamer,Painting and Decorating,25
ETL0594,Wallpaper Steamer,Leith,Leith,Wallpaper Steamer,Painting and Decorating,25
ETL0595,Wallpaper Steamer,Portobello,Portobello,Wallpaper Steamer,Painting and Decorating,25
ETL0631,Wallpaper Steamer,Leith,Leith,Wallpaper Steamer,Painting and Decorating,30
ETL0921,Wallpaper Steamer,Leith,Leith,Wallpaper Steamer,Painting and Decorating,30
ETL1875,Wallpaper Steamer,Leith,Leith,Wallpaper Steamer,Painting and Decorating,30
ETL0409,Wet Tile Saws,Leith,Leith,Wet Tile Saw,Painting and Decorating,30
ETL0476,Wet Tile Saws,Leith,Leith,Wet Tile Saw,Painting and Decorating,30
ETL1205,Wet Tile Saws,Leith,Leith,Wet Tile Saw,Painting and Decorating,30
ETL1400,Wet Tile Saws,Leith,Leith,Wet Tile Saw,Painting and Decorating,30
ETL0459,Wallpaper Steamer,Leith,Leith,Black and Decker Wallpaper Stripper,Painting and Decorating,40
ETL0398,Paint Sprayer,Leith,Leith,Parkside Paint Sprayer,Painting and Decorating,40
ETL0675,Wallpaper Steamer,Leith,Leith,Performance Power Steamer,Painting and Decorating,40
ETL0462,Paint Sprayer,Leith,Leith,Super Sprayer 55 Paint Sprayer,Painting and Decorating,40
ETL0463,Wallpaper Steamer,Leith,Leith,Super Steamer Wallpaper Stripper,Painting and Decorating,40
ETL0588,Wallpaper Steamer,Leith,Leith,Super Steamer Wallpaper Stripper,Painting and Decorating,40
ETL0190,Wallpaper Steamer,Leith,Leith,Wallpaper Stripper,Painting and Decorating,40
ETL0307,Wallpaper Steamer,Leith,Leith,Wallpaper Stripper,Painting and Decorating,40
ETL0327,Wallpaper Steamer,Leith,Leith,Wallpaper Stripper,Painting and Decorating,40
ETL1168,Wallpaper Steamer,Portobello,Portobello,Wallpaper Stripper,Painting and Decorating,40
ETL1209,Wallpaper Steamer,Leith,Leith,Wallpaper Stripper,Painting and Decorating,40
ETL1360,Wallpaper Steamer,Leith,Leith,Wallpaper Stripper,Painting and Decorating,40
ETL0968,Wallpaper Steamer,,,Wallpaper stripper,Painting and Decorating,40
ETL0038,Heat Gun,Leith,Leith,Heat gun,Painting and Decorating,45
ETL0458,Heat Gun,Portobello,Portobello,Heat gun,Painting and Decorating,45
ETL1022,Heat Gun,Portobello,Portobello,Heat gun,Painting and Decorating,45
ETL1010,Wallpaper Steamer,Leith,Leith,Wallpaper Steamer,Painting and Decorating,50
ETL1134,Wallpaper Steamer,Portobello,Portobello,Wallpaper Steamer,Painting and Decorating,50
ETL1220,Heat Gun,Leith,Leith,Heat gun,Painting and Decorating,55
ETL0464,Paint Sprayer,Leith,Leith,Clarkes 900W Electric Spray Station,Painting and Decorating,60
ETL0617,Levels,Leith,Leith,Axus Precision Wallpaper Trimming Edge,Painting and Decorating,10
ETL0618,Levels,Leith,Leith,Beeline Wallpaper Trimming Edge,Painting and Decorating,10
ETL0916,Carpet Kicker,Leith,Leith,Carpet Kicker,Painting and Decorating,
ETL1379,Paint Roller Frame,Leith,Leith,Extendable Paint Roller Cage,Painting and Decorating,
ETL1877,Roller Tool,Leith,Leith,Extending roller pole,Painting and Decorating,
ETL0209,Paint Roller Frame,Leith,Leith,Extension pole for paint roller,Painting and Decorating,
ETL0210,Paint Roller Frame,Leith,Leith,Extension pole for paint roller,Painting and Decorating,
ETL0635,Grout Trowel,Leith,Leith,Grout Rake,Painting and Decorating,
ETL0638,Grout Trowel,Leith,Leith,Grout Rake,Painting and Decorating,
ETL0394,Paint Sprayer,Leith,Leith,Low Volume Low Pressure Spray Gun,Painting and Decorating,40
ETL0967,Electric Mixers & Dispensers,Leith,Leith,Mixing Paddle,Painting and Decorating,
ETL1249,Paint Mixers & Stirrers,Leith,Leith,Mixing paddle,Painting and Decorating,
ETL0637,Scrapers,Leith,Leith,Narrow Paint Scraper,Painting and Decorating,2
ETL1130,Scrapers,Leith,Leith,Narrow Paint Scraper,Painting and Decorating,2
ETL1356,Scrapers,Leith,Leith,Narrow Paint scraper,Painting and Decorating,2
ETL1131,Scrapers,Leith,Leith,Narrow Short Paint Scraper,Painting and Decorating,2
ETL0212,Paint Roller Frame,Portobello,Portobello,Paint Roller Cage,Painting and Decorating,
ETL0213,Paint Roller Frame,Leith,Leith,paint roller cage,Painting and Decorating,
ETL0214,Paint Roller Frame,Leith,Leith,paint roller cage,Painting and Decorating,
ETL0215,Paint Roller Frame,Leith,Leith,paint roller cage,Painting and Decorating,
ETL0216,Paint Roller Frame,Leith,Leith,paint roller cage,Painting and Decorating,
ETL1376,Paint Roller Frame,Leith,Leith,Paint Roller Cage,Painting and Decorating,
ETL1377,Paint Roller Frame,Leith,Leith,Paint Roller Cage,Painting and Decorating,
ETL1378,Paint Roller Frame,Leith,Leith,Paint Roller Cage,Painting and Decorating,
ETL0211,Paint Roller Frame,Leith,Leith,paint roller cage on pole,Painting and Decorating,
9,Scrapers,Portobello,Portobello,Paint scraper 60mm,Painting and Decorating,2
ETL0306,Scrapers,Portobello,Portobello,Paint scraper 60mm,Painting and Decorating,2
ETL0619,Sharp Bristle Brushes,Leith,Leith,Paperhanging Brush,Painting and Decorating,3
ETL0640,Sharp Bristle Brushes,Leith,Leith,Paperhanging Brush,Painting and Decorating,3
ETL1388,Sharp Bristle Brushes,Leith,Leith,Paperhanging Brush,Painting and Decorating,3
ETL0621,Notched Trowel,Leith,Leith,Plastic Plastering Trowel,Painting and Decorating,
ETL0950,Scrapers,Leith,Leith,POLYCELL SMART /SMOOTHER SCRAPER APPLICATOR,Painting and Decorating,2
ETL0951,Scrapers,Leith,Leith,POLYCELL SMART /SMOOTHER SCRAPER APPLICATOR,Painting and Decorating,2
ETL1381,Paint Roller Frame,Leith,Leith,Radiator Paint Roller,Painting and Decorating,
ETL1380,Paint Roller Frame,Leith,Leith,Small Paint Roller,Painting and Decorating,
ETL0105,Notched Trowel,Leith,Leith,Tiling trowel,Painting and Decorating,
ETL0622,Notched Trowel,Leith,Leith,Tiling trowel,Painting and Decorating,
ETL1399,Notched Trowel,Leith,Leith,Tiling trowel,Painting and Decorating,
ETL0613,Scrapers,Leith,Leith,Wall/Floor Scraper,Painting and Decorating,2
ETL0614,Scrapers,Leith,Leith,Wall/Floor Scraper,Painting and Decorating,2
ETL0641,Scrapers,Leith,Leith,Wall/Floor Scraper,Painting and Decorating,2
ETL1212,Scrapers,Leith,Leith,Wall/Floor Scraper,Painting and Decorating,2
ETL1810,Hand Tools,Leith,Leith,Wallpaper cutter,Painting and Decorating,0
ETL1189,Levels,Leith,Leith,Wallpaper Cutting Guide,Painting and Decorating,10
ETL0272,Allen Wrench Sets,Leith,Leith,Radiator key,Plumbing,1
ETL0971,Allen Wrench Sets,Leith,Leith,Radiator key,Plumbing,1
ETL1089,Tape Measures,Portobello,Portobello,Sink / Drain grabber claw,Plumbing,3
ETL0665,Tape Measures,,,Tape measure,Plumbing,3
ETL0979,Pipe Wrenches,Leith,Leith,Large pipe wrench,Plumbing,8
ETL1330,Slip Joint Pliers,Portobello,Portobello,Pipe wrench set (2 pieces),Plumbing,12
ETL0960,Pipe Cutters,Leith,Leith,Adjustable Pipe Cutter,Plumbing,15
ETL1317,Pipe Cutters,Leith,Leith,Adjustable Pipe Cutter,Plumbing,15
ETL1805,Pipe Cutters,Portobello,Portobello,Adjustable Tube / Pipe Cutter,Plumbing,15
ETL0410,Pipe Cutters,Leith,Leith,Pipe Cutter,Plumbing,15
ETL1268,Pipe Cutters,Leith,Leith,Plastic Pipe Cutter,Plumbing,15
ETL1284,Basin Wrench,Leith,Leith,Basin Wrench / Spanner,Plumbing,
ETL0945,Pipe Wrenches,Leith,Leith,Size 14 Pipe Wrench,Plumbing,8