Item ID,Item Type,Home Location,Current Location,Name,Replacement Cost
11,Hand Wood Splitter,Portobello,Portobello,Roughneck Manual Wood Splitter,
12,Engraver,Portobello,Portobello,Dremel Multi Tool,30
13,Cordless Drills,Portobello,Portobello,Makita cordless drill driver,
2,Claw Hammers,Leith,Leith,Claw Hammer,5
3,Hoes,Leith,Leith,Garden hoe,5
4,Sharp Bristle Brushes,Leith,Leith,Wire brush,
5,Wood Chisel,Leith,Leith,Wood chisel,2
7,Routers,Leith,Leith,Router Bit Set,
9,Scrapers,Portobello,Portobello,Paint scraper 60mm,
ETL0000,Tools,Leith,Leith,OTHER NON-REGISTERED ITEMS,
ETL0001,Shovels & Digging,Portobello,Leith,Garden Spade,4
ETL0002,Shovels & Digging,Leith,Leith,Garden Spade,
ETL0003,Shovels & Digging,Leith,Leith,Garden Spade,
ETL0004,Shovels & Digging,Leith,Leith,Garden Spade,
ETL0006,Spade Shovel,Leith,Leith,Garden Spade,5
ETL0007,Digging Fork,Portobello,Portobello,Garden Fork,5
ETL0009,Digging Fork,Leith,Leith,Garden Fork,5
ETL0010,Lawn Care (other),Leith,Leith,Lawn aerator,5
ETL0011,Lawn Care (other),Leith,Leith,Lawn aerator,5
ETL0012,Pickaxes,Leith,Leith,Heavy pickaxe,6
ETL0013,Pickaxes,Portobello,Portobello,Heavy pickaxe,6
ETL0014,Grass Shear,Leith,Leith,Long handled shears,6
ETL0015,Lawn Care (other),Leith,Leith,Edging shears,5
ETL0016,Metal Garden Rake,Leith,Leith,Garden rake,8
ETL0017,Metal Garden Rake,Leith,Leith,Garden rake,8
ETL0018,Hoes,Leith,Leith,Garden hoe,5
ETL0019,Hoes,Leith,Leith,Garden hoe,5
ETL0020,Grass Shear,Leith,Leith,Garden shears,10
ETL0021,Grass Shear,Leith,Leith,Garden shears,10
ETL0022,Grass Shear,Leith,Leith,Garden shears,10
ETL0023,Jig Saws,Leith,Portobello,Multi tool,57
ETL0024,Jig Saws,Leith,Leith,Performance Variable Speed Jigsaw,30
ETL0025,Corded & Plug-in,Leith,Leith,Parkside Electric Brad Nailer,40
ETL0026,Angle Grinders,Portobello,Portobello,Green Parkside Angle Grinder,54
ETL0027,Random Orbit Sander,Leith,Leith,Draper Random Orbit Sander,40
ETL0028,Biscuit Joiners,Leith,Leith,GMC Biscuit Joiner,40
ETL0029,Power Planer,Leith,Leith,Axminster Electric Hand Planer,45
ETL0030,Routers,Leith,Leith,Bosch Electic Router,80
ETL0032,Welders,Leith,Leith,Einhell Electric Welding Transformer kit,100
ETL0034,Power Planer,Leith,Leith,Powercraft Electric Plane,45
ETL0036,Miter Saws,Leith,Leith,Pro Saw CLM 190LSMS Slide Compound Mitre Saw,80
ETL0037,Jig Saws,Portobello,Portobello,Jig saw,35
ETL0038,Heat Gun,Leith,Leith,Heat gun,45
ETL0040,Power Drills,Portobello,Leith,Electric hammer drill,40
ETL0041,Cordless Drills,Leith,Leith,Cordless drill,25
ETL0043,"Bits, Drivers and Accessories",Leith,Leith,75 Piece Drill Bit set,36
ETL0044,Wood Chisel,Leith,Leith,Wood chisel,2
ETL0045,Wood Chisel,Leith,Leith,Wood chisel,2
ETL0046,Wood Chisel,Portobello,Portobello,Wood chisel,2
ETL0047,Wood Chisel,Leith,Leith,Wood chisel,2
ETL0048,Wood Chisel,Leith,Leith,Wood chisel,2
ETL0049,Wood Chisel,Leith,Leith,Wood chisel 12mm blade,2
ETL0050,Wood Chisel,Portobello,Portobello,Wood chisel,2
ETL0051,Wood Chisel,Leith,Leith,Wood chisel,2
ETL0052,Wood Chisel,Leith,Leith,Wood chisel,2
ETL0053,Wood Chisel,Leith,Leith,Wood chisel,2
ETL0054,Wood Chisel,Portobello,Portobello,Wood chisel,2
ETL0055,Wood Chisel,Leith,Leith,Wood chisel,2
ETL0057,Wood Chisel,Leith,Leith,Wood chisel,2
ETL0058,Wood Chisel,Leith,Leith,Wood chisel,2
ETL0060,Wood Chisel,Leith,Leith,Wood chisel,2
ETL0061,Wood Chisel,Leith,Leith,Wood chisel,2
ETL0062,Wood Chisel,Leith,Leith,Wood chisel,2
ETL0063,Wood Chisel,Leith,Leith,Wood chisel,2
ETL0065,Claw Hammers,Leith,Leith,Claw Hammer,5
ETL0066,Claw Hammers,Leith,Leith,Claw Hammer,5
ETL0068,Claw Hammers,Leith,Leith,tack hammer,5
ETL0069,Claw Hammers,Leith,Leith,tack hammer,5
ETL0070,Plastic Tip Hammers,Leith,Leith,Plastic Tip Hammer,5
ETL0072,Lawn Mower,Leith,Leith,Petrol Lawn Mower,150
ETL0073,Tenon Saws,Leith,Leith,Tenon saw,2
ETL0074,Tenon Saws,Leith,Leith,Tenon saw,2
ETL0076,Tenon Saws,Leith,Leith,Tenon saw,2
ETL0077,Tenon Saws,Portobello,Portobello,Tenon saw,2
ETL0078,Tenon Saws,Leith,Leith,Tenon saw,2
ETL0079,Planes,Leith,Leith,Two handed plane,5
ETL0080,Planes,Leith,Leith,Two handed plane,5
ETL0081,Planes,Leith,Leith,Two handed plane,5
ETL0082,Planes,Leith,Leith,Hand plane,5
ETL0083,Hack saw,Leith,Leith,Hack saw,7
ETL0084,Squares,Leith,Leith,Tri square,5
ETL0085,Drywall Saws,Leith,Leith,Drywall/hacksaw,5
ETL0088,Saws,Leith,Portobello,Hand saw,
ETL0089,Back Saw,Leith,Leith,Panel saw,5
ETL0090,Back Saw,Leith,Leith,Panel saw,5
ETL0091,Back Saw,Portobello,Portobello,Panel saw,5
ETL0092,Crosscut Saw,Leith,Leith,Hand Saw,
ETL0093,Needle Nose Pliers,Leith,Leith,Needle nosed pliers,5
ETL0094,Needle Nose Pliers,Leith,Leith,Needle nosed pliers,5
ETL0095,Lineman Plier,Leith,Leith,Pliers,4
ETL0096,Lineman Plier,Leith,Leith,Pliers,4
ETL0097,Wire Cutters,Leith,Leith,Wire stripper,5
ETL0098,Wire Cutters,Leith,Leith,Sheet metal cutter (hand),6
ETL0099,Wire Cutters,Leith,Leith,Sheet metal cutter (hand),6
ETL0100,Wire Cutters,Leith,Leith,Sheet metal cutter (hand),6
ETL0101,Wire Cutters,Leith,Leith,Wire stripper/cutter,2
ETL0102,Brick Trowel,Leith,Leith,Cement trowel,5
ETL0104,Brick Trowel,Leith,Leith,Cement trowel,5
ETL0105,Notched Trowel,Leith,Leith,Tiling trowel,
ETL0106,Drywall Saws,Leith,Leith,Drywall/hacksaw,4
ETL0107,Pipe Wrenches,Leith,Leith,Pipe wrench,8
ETL0108,Pry Bar,Leith,Leith,Pry bar,5
ETL0109,Pry Bar,Leith,Leith,Pry bar,5
ETL0110,Files,Leith,Leith,Rounded File,4
ETL0111,Files,Leith,Leith,Wood file,4
ETL0112,Drill Press (hand),Leith,Leith,Drill stand,15
ETL0113,Squares,Leith,Leith,Tri square,5
ETL0114,Open End Wrench,Leith,Leith,Spanner set,20
ETL0115,Open End Wrench,Leith,Leith,Spanner set,20
ETL0116,Hammers & Mallets,Leith,Leith,Wooden mallet,5
ETL0117,Levels,Leith,Leith,1m Spirit Level,10
ETL0118,Misc,Leith,Leith,Fetching ETL branded hard hat,5
ETL0119,Wood Chisel,Leith,Leith,Wood chisel set,20
ETL0120,Ball Peen Hammers,Leith,Leith,Ball peen hammer,4
ETL0121,Claw Hammers,Leith,Leith,Club hammer,5
ETL0122,Claw Hammers,Leith,Leith,Club Hammer,5
ETL0124,Pickaxes,Leith,Leith,Chipping hammer / Rock pick,6
ETL0125,Tape Measures,Portobello,Portobello,Tape measure,2
ETL0126,Tape Measures,Leith,Leith,Tape measure,2
ETL0127,Brick Trowel,Leith,Leith,Cement trowel,5
ETL0128,Planes,Leith,Leith,Hand plane,5
ETL0129,Squares,Leith,Leith,Large Tri square,5
ETL0130,Wire Cutters,Leith,Leith,Sheet metal cutter (hand),6
ETL0131,Cement Chisel,Leith,Leith,Stone chisel,8
ETL0132,Bow Saws,Leith,Leith,Bush saw,8
ETL0133,Tap and Die,Leith,Leith,"Tap and die set (1/4"" 5/16"" 3/8"")",10
ETL0134,Hand Sickle,Leith,Leith,Hand sickle,5
ETL01340,Pruning Saw,Leith,Portobello,Folding pruning saw,26.49
ETL0136,Socket Sets,Portobello,Portobello,Socket set,20
ETL0137,Testers (hand held),Leith,Leith,Stud finder,20
ETL0138,Staple Gun,Leith,Leith,Staple gun,12
ETL0139,Rivet Tools,Leith,Leith,Hand riveter,10
ETL0140,Marking,Leith,Leith,Marking guage,10
ETL0141,Chalklines,Leith,Leith,Chalk line marker,10
ETL0142,Hand Tile Cutter,Leith,Leith,Tile cutter,10
ETL0144,Bar Clamps,Leith,Leith,Bar clamp,10
ETL0145,Bar Clamps,Leith,Leith,Bar clamp,10
ETL0146,Bar Clamps,Leith,Leith,Bar clamp,10
ETL0147,Bar Clamps,Leith,Leith,Bar clamp,10
ETL0148,Electric Hedge Trimmer,Leith,Leith,Worx Corded Hedge Trimmer,30
ETL0149,Wire Cutters,Leith,Leith,Bolt Cutter,10
ETL0150,Power Drill 3/8in,Leith,Leith,Corded drill,45
ETL0151,Hammer Drills,Portobello,Portobello,Hammer Drill (corded),
ETL0152,Hammer Drills,Leith,Leith,Corded Power Drill,25
ETL0154,Routers,Leith,Leith,Router accessories,50
ETL0155,Angle Grinders,Leith,Leith,Dewalt Angle Grinder,54
ETL0156,Miscellaneous Furniture,Leith,Leith,Portable Work bench,110
ETL0158,Punch,Leith,Leith,Leather punch,10
ETL0159,Grass Shear,Leith,Leith,Garden shears,10
ETL0160,Back Saw,Leith,Leith,Panel saw,5
ETL0161,Crowbar,Leith,Leith,Crowbar,5
ETL0162,Crosscut Saw,Leith,Leith,,45
ETL0163,Spade Shovel,Leith,Leith,Garden Spade,5
ETL0164,Hand Axe,Leith,Leith,Two handed axe,10
ETL0165,Drywall Saws,Leith,Leith,Drywall/hacksaw,5
ETL0166,Grass Shear,Leith,Leith,Garden shears,10
ETL0167,Cordless Drills,Leith,Leith,Cordless drill,25
ETL0168,Cordless Drills,Leith,Leith,Cordless drill,25
ETL0169,Wood Chisel,Leith,Leith,Wood chisel,5
ETL0170,Hoes,Leith,Leith,Garden hoe,5
ETL0171,Hoes,Leith,Leith,Two pronged garden hoe,5
ETL0172,Metal Garden Rake,Leith,Leith,Garden rake,8
ETL0173,Hand Tillers,Leith,Leith,Hand soil tiller,10
ETL0174,Grass Shear,Leith,Leith,Extendable garden shears,10
ETL0175,Cordless Trimmers,Leith,Leith,Hedge Trimmer - battery powered,
ETL0176,Sledgehammers,Leith,Leith,,
ETL0177,Socket Sets,Leith,Leith,Socket Set,5
ETL0178,Crescent Wrench,Leith,Leith,Crescent Wrench,5
ETL0179,Jacks,Leith,Leith,,5
ETL0180,Hack saw,Leith,Leith,Hack saw,5
ETL0181,Rubber Mallets,Leith,Leith,Rubber Mallet,5
ETL0182,Rubber Mallets,Leith,Leith,Rubber Mallet,5
ETL0183,Jig Saws,Leith,Leith,,50
ETL0184,Lawn Care (other),Leith,Leith,Roling Lawn aerator,5
ETL0185,Cement Chisel,Leith,Leith,Stone chisel,8
ETL0186,Hand Pruner,Leith,Leith,Garden Secateurs,
ETL0188,Claw Hammers,Leith,Leith,Claw Hammer,5
ETL0189,Gas Powered String Trimmer,Leith,Leith,Petrol strimmer,100
ETL0190,Wallpaper Steamer,Leith,Leith,Wallpaper Stripper,40
ETL0191,Claw Hammers,Leith,Leith,Claw Hammer,5
ETL0192,Claw Hammers,Leith,Leith,Claw Hammer,5
ETL0193,Claw Hammers,Leith,Leith,Claw Hammer,5
ETL0194,Crowbar,Leith,Leith,Crowbar,5
ETL0195,Crowbar,Leith,Leith,Crowbar,5
ETL0196,Levels,Leith,Leith,1m Spirit Level,10
ETL0197,Allen Wrench Sets,Leith,Leith,Allen Key Set,15
ETL0198,Allen Wrench Sets,Leith,Leith,Allen Key Driver Set,50
ETL0199,Tape Measures,Leith,Leith,Tape measure,2
ETL0200,Screwdriver Sets,Leith,Leith,Screwdriver set,15
ETL0201,Pipe Wrenches,Leith,Leith,Pipe wrench,8
ETL0202,Crescent Wrench,Leith,Leith,Adjustable spanner,
ETL0203,Needle Nose Pliers,Leith,Leith,Needle nosed pliers,5
ETL0204,Lineman Plier,Leith,Leith,Pliers,4
ETL0205,Lineman Plier,Leith,Leith,Pliers,4
ETL0206,Rulers,Leith,Leith,Steel ruler,
ETL0207,Sanders,Leith,Leith,Sanding block,
ETL0208,Sanders,Leith,Leith,Sanding block,
ETL0209,Paint Roller Frame,Leith,Leith,Extension pole for paint roller,
ETL0210,Paint Roller Frame,Leith,Leith,Extension pole for paint roller,
ETL0211,Paint Roller Frame,Leith,Leith,paint roller cage on pole,
ETL0212,Paint Roller Frame,Portobello,Portobello,Paint Roller Cage,
ETL0213,Paint Roller Frame,Leith,Leith,paint roller cage,
ETL0214,Paint Roller Frame,Leith,Leith,paint roller cage,
ETL0215,Paint Roller Frame,Leith,Leith,paint roller cage,
ETL0216,Paint Roller Frame,Leith,Leith,paint roller cage,
ETL0217,Cement Chisel,Leith,Leith,Stone chisel,8
ETL0218,Cement Chisel,Leith,Leith,Stone chisel,8
ETL0219,Brick Trowel,Leith,Leith,Cement trowel,5
ETL0220,Float,Leith,Leith,Cement hawk,
ETL0221,Float,Leith,Leith,Cement or plaster hawk,
ETL0222,Finishing Stone,Leith,Leith,Sharpening stone,
ETL0223,Cement Chisel,Leith,Leith,Stone chisel,8
ETL0224,Cement Chisel,Leith,Leith,Stone chisel,8
ETL0225,Cement Chisel,Leith,Leith,Stone chisel,8
ETL0226,Hack saw,Leith,Leith,Hack saw,7
ETL0227,Finishing Power Sanders,Portobello,Portobello,Detail Sander,57
ETL0228,Sledgehammers,Leith,Leith,Sledgehammer,
ETL0229,Tape Measures,Leith,Leith,Tape measure,2
ETL0230,Plastic Tip Hammers,Leith,Leith,,5
ETL0231,Metal Garden Rake,Leith,Leith,Garden rake,8
ETL0232,Metal Garden Rake,Leith,Leith,Garden rake,8
ETL0233,Rubber Mallets,Leith,Leith,Rubber Mallet,5
ETL0235,Linoleum Knives,Leith,Leith,Stanley knife,4
ETL0236,Linoleum Knives,Leith,Leith,Stanley knife,4
ETL0237,Squares,Leith,Leith,Tri square,5
ETL0238,Jig Saws,Portobello,Leith,Jigsaw,90
ETL0239,Miscellaneous Furniture,Leith,Leith,Pasting Table,20
ETL0240,Files,Leith,Leith,Rounded File,4
ETL0241,Files,Leith,Leith,Rounded File,4
ETL0243,Planes,Leith,Leith,Hand plane,5
ETL0244,Planes,Portobello,Portobello,Hand plane,5
ETL0245,Files,Leith,Leith,Square Edged File,4
ETL0246,Bar Clamps,Leith,Leith,G clamp,10
ETL0247,Bar Clamps,Leith,Leith,G clamp,10
ETL0248,Bar Clamps,Leith,Leith,Bar clamp,10
ETL0249,Bar Clamps,Leith,Leith,Bar clamp,10
ETL0254,Needle Nose Pliers,Leith,Leith,Needle nosed pliers,5
ETL0255,Drills,Leith,Leith,Hand drill,15
ETL0256,Files,Leith,Leith,Small File Set,10
ETL0258,Drills,Leith,Leith,Hand drill,15
ETL0259,Testers (hand held),Leith,Leith,Plumb bob/line,1.99
ETL0260,Wallpaper Steamer,Leith,Leith,Wallpaper perforator,6
ETL0270,Coping Saw,Leith,Leith,Coping Saw,10
ETL0271,Grass Shear,Leith,Leith,Long handled shears,6
ETL0272,Allen Wrench Sets,Leith,Leith,Radiator key,1
ETL0273,Miscellaneous Furniture,Leith,Leith,Portable Work bench,110
ETL0274,Squares,Leith,Leith,Tri square,5
ETL0275,Hammers & Mallets,Leith,Leith,Wooden mallet,5
ETL0276,Finishing Stone,Leith,Leith,Sharpening stone,
ETL0277,Jig Saws,Portobello,Leith,Jigsaw,70
ETL0280,Heat Gun,Leith,Leith,Black & Decker Heat gun,45
ETL0281,Squares,Leith,Leith,Tri square,5
ETL0282,Drills,Leith,Leith,Brace hand drill,15
ETL0283,Screwdriver Sets,Leith,Leith,Spiral ratchet screwdriver,10
ETL0284,Hammers & Mallets,Portobello,Portobello,Wooden mallet,5
ETL0285,"Bits, Drivers and Accessories",Leith,Leith,Drill Bit set,10
ETL0286,Files,Leith,Leith,Rasp,1
ETL0287,Wood Chisel,Portobello,Portobello,Wood chisel 24mm blade,2
ETL0288,Wood Chisel,Leith,Leith,Wood chisel 20mm blade,2
ETL0289,Wood Chisel,Portobello,Portobello,Wood chisel 12mm,2
ETL0290,Saws,Leith,Leith,Hand saw,
ETL0291,Yardsticks,Leith,Leith,Yardstick/90cm foldable ruler,2
ETL0293,Lawn Mower,Leith,Leith,Push mower,
ETL0295,Hanging Lights,Leith,Leith,Work light,8
ETL0296,Hanging Lights,Leith,Leith,Work light,8
ETL0300,Spade Shovel,Leith,Leith,Garden Spade,5
ETL0301,Digging Fork,Portobello,Portobello,Garden Fork,5
ETL0302,Soldering & Heat Guns,Portobello,Portobello,Soldering iron,5
ETL0303,Soldering & Heat Guns,Leith,Leith,Soldering iron,5
ETL0304,Soldering & Heat Guns,Leith,Leith,Soldering iron,5
ETL0305,Soldering & Heat Guns,Leith,Leith,Heat gun/Paint stripper,25
ETL0306,Scrapers,Portobello,Portobello,Paint scraper 60mm,
ETL0307,Wallpaper Steamer,Leith,Leith,Wallpaper Stripper,40
ETL0308,Stands & Work Tables,Leith,Leith,Bike Workstand,30
ETL0310,Circular Saws,Leith,Leith,Corded circular saw,60
ETL0311,Planes,Leith,Leith,Hand plane,5
ETL0312,Levels,Leith,Leith,Spirit level,110
ETL0313,Bow Saws,Leith,Leith,Bush saw,12
ETL0314,Jig Saws,Leith,Leith,Woolworths Jigsaw,40
ETL0315,Soldering & Heat Guns,Leith,Leith,Heat gun/Paint stripper,25
ETL0316,Circular Saws,Leith,Leith,Corded circular saw,60
ETL0317,Power Drills,Leith,Leith,Performance Power Corded Hammer Drill,0
ETL0318,Jig Saws,Leith,Leith,Bosch PST Jigsaw,40
ETL0319,Finishing Power Sanders,Portobello,Portobello,Sheet Sander,45
ETL0321,Jig Saws,Leith,Leith,McKeller T80 Laser Jigsaw,30
ETL0323,Jig Saws,Leith,Leith,Black & Decker Jigsaw,35
ETL0325,Finishing Power Sanders,Leith,Leith,Black & Decker Power Sander,30
ETL0326,Cordless Drills,Leith,Leith,Performance Power Pro Electric Screwdriver,20
ETL0327,Wallpaper Steamer,Leith,Leith,Wallpaper Stripper,40
ETL0328,Engraver,Leith,Leith,Dremel Multi,30
ETL0329,Engraver,Leith,Leith,Dremel Multi,30
ETL0331,Testers (hand held),Leith,Leith,Stud finder,20
ETL0333,Lawn Mower,Leith,Leith,Push mower,
ETL0334,Lawn Mower,Leith,Leith,Push mower,
ETL0338,Step Ladders,Leith,Leith,Step ladders,
ETL0343,Electric Chippers,Leith,Leith,Garden shredder,60
ETL0344,Loppers,Leith,Leith,Branch Loppers,
ETL0345,Miscellaneous Furniture,Leith,Leith,Pasting Table,20
ETL0346,Corded & Plug-in,Leith,Leith,DeWalt corded hammer drill,
ETL0347,Cordless Drills,Leith,Leith,Makita cordless drill,
ETL0348,Files,Leith,Leith,Rasp,3
ETL0350,Engraver,Leith,Leith,Multi Tool Rotary Tool,50
ETL0351,Planes,Leith,Leith,Hand plane,30
ETL0352,Brick Trowel,Leith,Leith,Cement trowel,5
ETL0354,Wallpaper Steamer,Leith,Leith,Wallpaper Steamer,
ETL0355,Miscellaneous Furniture,Leith,Leith,Pasting Table,20
ETL0356,Miscellaneous Furniture,Leith,Leith,Portable Work bench,110
ETL0357,Hoes,Leith,Leith,Dutch Hoe,5
ETL0358,"Scythes, Sickles & Machetes",Leith,Leith,Scythe,
ETL0359,Levels,Portobello,Leith,"Spirit Level 36"" / 910mm",10
ETL0361,Levels,Leith,Leith,"Spirit level 9"" / 23cm",10
ETL0362,Scrapers,Leith,Leith,Paint scraper,
ETL0364,Hack saw,Leith,Leith,Small hack saw,7
ETL0365,Hammer Drills,Leith,Portobello,Makita Rotary Hammer Drill (SDS+ 22mm 240v),
ETL0366,Cordless Drills,Leith,Leith,Makita Cordless Drill,
ETL0367,Float,Leith,Leith,Float Trowel,
ETL0368,Squeegees,Leith,Leith,Squeegee,
ETL0369,Squeegees,Leith,Leith,Squeegee,
ETL0370,Power Saws,Leith,Leith,Multifunction Jigsaw/Handsaw,
ETL0372,Testers (hand held),Leith,Leith,Circuit tester,10
ETL0373,"Pliers, Cutters, and Snips",Portobello,Portobello,Wire strippers,4
ETL0374,"Pliers, Cutters, and Snips",Leith,Leith,Wire snips,4
ETL0375,Screwdrivers,Leith,Leith,Insulated screwdriver,1
ETL0376,Power Saws,Leith,Leith,Chop saw,50
ETL0377,Routers,Leith,Leith,ROUTER ACCESSORIES,80
ETL0378,String Trimmer,Leith,Leith,Electric strimmer/edger,40
ETL0379,Sanders & Planers,Leith,Leith,Skil Belt sander,50
ETL0380,Electric Hedge Trimmer,Leith,Leith,Electric Hedge Trimmer,50
ETL0381,Corded & Plug-in,Leith,Leith,Titan Hex Shank Breaker,
ETL0382,Circular Saws,Leith,Leith,Corded circular saw,60
ETL0383,Jig Saws,Leith,Leith,Black and Decker Jigsaw,
ETL0384,Cordless Drills,Leith,Leith,Black & Decker 12v Cordless Drill,
ETL0385,Levels,Leith,Leith,"Spirit level 27"" / 70cm",10
ETL0386,Hand Tile Cutter,Leith,Leith,Tile cutter,10
ETL0387,Cordless Drills,Leith,Leith,JCB 20v Cordless Drill,200
ETL0388,Bar Clamps,Leith,Leith,G clamp,10
ETL0389,Distance Meters,Leith,Leith,Distance Measure,
ETL0390,Reciprocating Saw,Leith,Leith,Reciprocating Saw,140
ETL0391,Step Ladders,Leith,Leith,Abru platform stepladders,
ETL0392,Hoes,Leith,Leith,Turf Cutter,5
ETL0393,Planters Shovel,Leith,Leith,Long Handled Bulb Planter,
ETL0394,Paint Sprayer,Leith,Leith,Low Volume Low Pressure Spray Gun,
ETL0395,Multimeters,Leith,Leith,Clamp Multimeter (AC current),15
ETL0396,Screwdrivers,Leith,Leith,Insulated screwdriver,1
ETL0397,Chop Saws,Leith,Leith,Dewalt chop/mitre saw,100
ETL0398,Paint Sprayer,Leith,Leith,Parkside Paint Sprayer,40
ETL0400,Angle Grinders,Leith,Leith,DeWalt cordless angle grinder,300
ETL0401,Circular Saws,Leith,Leith,Corded circular saw,55
ETL0402,Brick Hammers,Leith,Leith,Stone Hammer,5
ETL0403,Hand Tile Cutter,Leith,Leith,Hand Tile Cutter,10
ETL0404,Hammers & Mallets,Leith,Leith,Club hammer,
ETL0405,Hammers & Mallets,Portobello,Portobello,Lump hammer,
ETL0406,Levels,Portobello,Portobello,"Spirit level 27"" / 70cm",10
ETL0407,Pry Bar,Leith,Leith,Pry bar,5
ETL0408,Crescent Wrench,Leith,Leith,"Adjustable Crescent Spanner, 250mm",
ETL0409,Wet Tile Saws,Leith,Leith,Wet Tile Saw,30
ETL0410,Pipe Cutters,Leith,Leith,Pipe Cutter,15
ETL0411,Step Ladders,Leith,Leith,Step Ladder,
ETL0412,Caulk Guns,Leith,Leith,Silicon Gun,
ETL0413,Crescent Wrench,Leith,Leith,"6"" Spanner",
ETL0414,Spade Shovel,Leith,Leith,Garden Spade,5
ETL0415,Levels,Leith,Leith,Spirit level 72cm,
ETL0417,"Bits, Drivers and Accessories",Leith,Leith,75 piece drill bit and saw set,
ETL0418,Crimpers,Portobello,Portobello,Wire Crimper,
ETL0419,Wire Cutters,Leith,Leith,Wire snips,
ETL0420,Caulk Guns,Portobello,Portobello,Caulk Gun,
ETL0421,Saws,Portobello,Portobello,Hand saw,
ETL0422,Shears,Leith,Leith,scissors,
ETL0423,Shears,Leith,Leith,SCISSORS,
ETL0424,Shears,Leith,Leith,SCISSORS,
ETL0425,Meters & Diagnostics,Leith,Leith,Digital Moisture Meter,
ETL0426,Temperature Meters & Guns,Leith,Leith,Moisture Meter,
ETL0427,Pressure Washers,Leith,Leith,Pressure Washer,
ETL0428,Gas Powered String Trimmer,Leith,Leith,Petrol Strimmer,
ETL0429,Straight Ladder,Leith,Leith,Long ladder,
ETL043,Hammers & Mallets,Leith,Leith,Hammer mallet,
ETL0430,Lawn Mower,Leith,Leith,Petrol Lawn mower,
ETL0431,Metal Garden Rake,Leith,Leith,Grass Rake,8
ETL0432,Spade Shovel,Leith,Leith,Garden Spade,5
ETL0433,Jig Saws,Leith,Leith,Jigsaw - Bosch PST 650L,40
ETL0434,Chisels & Gouges,Leith,Leith,Chisel,
ETL0435,Random Orbit Sander,Leith,Leith,Parkside PMS 130 Palm Sander,20
ETL0436,Hot Glue Gun,Leith,Leith,Glue Gun,
ETL0438,Routers,Leith,Leith,Power Devil Electic Router,80
ETL0439,Circular Saws,Leith,Leith,Corded circular saw,60
ETL0441,Circular Saws,Leith,Leith,Corded circular saw,60
ETL0442,Belt Sanders,Portobello,Portobello,Belt Sander,40
ETL0443,Jig Saws,Leith,Leith,Performance Power Jigsaw,40
ETL0446,Jig Saws,Leith,Leith,Power Base Jigsaw,40
ETL0447,Cordless Drills,Leith,Leith,Makita cordless drill,50
ETL0449,Cordless Drills,Portobello,Leith,Parkside cordless drill,50
ETL0450,Finishing Power Sanders,Portobello,Leith,Sheet Sander,45
ETL0451,Finishing Power Sanders,Leith,Leith,MacAllister Palm Grip Detail Sander,30
ETL0452,Engraver,Portobello,Portobello,Rotary Tool,50
ETL0453,Hammer Drills,Leith,Leith,Makita SDS Rotary Hammer Drill,100
ETL0454,Screwdriver Sets,Leith,Leith,Screwdriver set,15
ETL0455,Cordless Hammer Drills,Portobello,Portobello,Cordless Hammer Drill,50
ETL0456,Finishing Power Sanders,Portobello,Portobello,MacAllister Sander,45
ETL0457,Random Orbit Sander,Portobello,Portobello,Parkside 160 W Power Sander,30
ETL0458,Heat Gun,Portobello,Portobello,Heat gun,45
ETL0459,Wallpaper Steamer,Leith,Leith,Black and Decker Wallpaper Stripper,40
ETL0461,Engraver,Leith,Leith,Whirlwind Wizard Rotary Tool,50
ETL0462,Paint Sprayer,Leith,Leith,Super Sprayer 55 Paint Sprayer,40
ETL0463,Wallpaper Steamer,Leith,Leith,Super Steamer Wallpaper Stripper,40
ETL0464,Paint Sprayer,Leith,Leith,Clarkes 900W Electric Spray Station,60
ETL0465,Misc,Leith,Leith,Leather Tool Belt,
ETL0466,Coping Saw,Leith,Leith,Tennon Saw,
ETL0467,Files,Leith,Leith,Wood Rasp,
ETL0468,Files,Leith,Leith,File,
ETL0469,Wood Chisel,Leith,Leith,Wood chisel Set,2
ETL0470,Planes,Leith,Leith,Block Plane,
ETL0471,Squares,Leith,Portobello,Set Square,5
ETL0472,Claw Hammers,Leith,Leith,Claw Hammer,5
ETL0473,Sledgehammers,Leith,Leith,Sledgehammer,
ETL0474,Hand Axe,Leith,Leith,Two handed axe,10
ETL0475,Watering Tools,Leith,Leith,Garden Hose,
ETL0476,Wet Tile Saws,Leith,Leith,Wet Tile Saw,30
ETL0479,Hack saw,Leith,Leith,Hack saw,2
ETL0480,Bow Saws,Portobello,Portobello,Bush saw,12
ETL0481,Bar Clamps,Portobello,Portobello,G clamp (set of 4),10
ETL0483,Cement Chisel,Portobello,Portobello,Stone chisel,8
ETL0484,Files,Portobello,Portobello,Half Moon Rasp,1
ETL0486,Wood Chisel,Portobello,Portobello,Wood chisel 8mm blade,2
ETL0487,Wood Chisel,Portobello,Portobello,32 mm Wood chisel,2
ETL0488,Corded Mowers,Leith,Leith,Electric lawn mower,
ETL0489,Brick Hammers,Leith,Leith,Brick Hammer/Mallet,
ETL0490,Drills,Leith,Leith,Hand Drill,
ETL0492,Tape Measures,Leith,Leith,Tape measure,2
ETL0493,Tap and Die,Leith,Leith,Metric Tap & Die Set,
ETL0500,Scrapers,Leith,Leith,Paint scraper,3
ETL0501,Wallpaper Steamer,Leith,Leith,Wallpaper perforator,6
ETL0502,Linoleum Knives,Leith,Leith,Stanley knife,4
ETL0503,Tools,Leith,Leith,Blow Torch,30
ETL0504,Linoleum Knives,Portobello,Portobello,Stanley knife,4
ETL0505,Hand Axe,Leith,Leith,Small Axe,30
ETL0506,Hand Axe,Leith,Leith,Small Axe,30
ETL0507,Hoes,Leith,Leith,Dutch hoe,5
ETL0508,Grass Shear,Leith,Leith,Garden Shears,10
ETL0509,Hammers & Mallets,Leith,Leith,Club hammer,
ETL0510,Hand Axe,Leith,Leith,Small Axe,30
ETL0511,Tenon Saws,Leith,Leith,Tenon Saw,2
ETL0512,Drills,Leith,Leith,Hand Drill,15
ETL0513,Hack saw,Leith,Leith,Small hack saw,7
ETL0514,Claw Hammers,Leith,Leith,Tack Hammer,5
ETL0515,Step Ladders,Leith,Leith,STEP LADDER,25
ETL0516,Marking,Leith,Leith,Marking guage,10
ETL0517,Marking,Leith,Leith,Marking guage,10
ETL0518,Planes,Leith,Leith,Wooden Hand Plane,10
ETL0519,Planes,Leith,Leith,Wooden Hand Plane,10
ETL0520,Planes,Leith,Leith,Wooden Hand Plane,10
ETL0521,Planes,Leith,Leith,Wooden Hand Plane,10
ETL0522,Crowbar,Leith,Leith,Pry bar,5
ETL0523,Angle Grinders,Leith,Leith,Agojama Angle Grinder,
ETL0524,Paint Sprayer,Leith,Leith,Paint Sprayer,
ETL0525,Bow Saws,Leith,Leith,"12"" Bow Saw",
ETL0526,Extension Ladder,Leith,Leith,Extension Ladder,
ETL0527,Extension Ladder,Leith,Leith,Extension Ladder,
ETL0528,Hot Glue Gun,Leith,Leith,Mini Glue Gun,
ETL0529,Sledgehammers,Leith,Leith,,
ETL0530,Spade Shovel,Leith,Leith,Garden spade,5
ETL0531,Jack Stands,Leith,Leith,1.5 tonne Axle stands,30
ETL0532,Automotive Jacks,Leith,Leith,Car jack,30
ETL0533,Rubber Mallets,Leith,Leith,Screwdriver 6-way,
ETL0534,Hand Pruner,Portobello,Portobello,Garden Secateurs,
ETL0536,Tape Measures,Leith,Leith,Tape measure,2
ETL0538,Lineman Plier,Portobello,Portobello,Slip-joint Pliers,4
ETL0539,Hack saw,Portobello,Portobello,Coping saw,7
ETL0540,"Scythes, Sickles & Machetes",Leith,Portobello,Scythe,20
ETL0541,Grass Shear,Leith,Leith,Long handled shears,6
ETL0542,Tenon Saws,Leith,Leith,Tenon Saw,2
ETL0543,Miter Saws,Leith,Leith,Hand Mitre Saw,80
ETL0544,Claw Hammers,Leith,Leith,Claw Hammer,5
ETL0545,Crescent Wrench,Leith,Leith,Combination Spanner Wrench,
ETL0546,Sharp Bristle Brushes,Leith,Leith,Wire brush,
ETL0547,Wood Chisel,Leith,Leith,Wood chisel,2
ETL0548,Wood Chisel,Leith,Leith,Wood chisel (Fine),2
ETL0549,Open End Wrench,Leith,Leith,Combination Spanner/Wrench set,20
ETL0550,Hack saw,Leith,Leith,Junior Hacksaw,7
ETL0551,"Bits, Drivers and Accessories",Leith,Leith,Drill Bit set,10
ETL0552,Sledgehammers,Portobello,Leith,Sledgehammer,
ETL0553,Sledgehammers,Leith,Leith,Sledgehammer,
ETL0554,Sledgehammers,Leith,Leith,Sledgehammer,
ETL0555,Digging Fork,Leith,Leith,Small Hand-held Garden Fork,5
ETL0556,Brick Trowel,Leith,Leith,Small Garden Trowel,5
ETL0557,Crescent Wrench,Leith,Leith,25mm/38mm Spanner,
ETL0558,Crescent Wrench,Leith,Leith,18mm/24mm Spanner,
ETL0559,Crescent Wrench,Leith,Leith,16mm/20mm Spanner,
ETL0560,Crescent Wrench,Leith,Leith,18mm/22mm Spanner,
ETL0561,Crescent Wrench,Leith,Leith,13mm/26mm Spanner,
ETL0562,Crescent Wrench,Leith,Leith,15mm/17mm Spanner,5
ETL0563,Crescent Wrench,Leith,Leith,9mm/12mm Spanner,5
ETL0564,Crescent Wrench,Leith,Leith,12/14mm Spanner,5
ETL0565,Crescent Wrench,Leith,Leith,10/11mm Spanner,5
ETL0566,Crescent Wrench,Leith,Leith,8/9mm Spanner,5
ETL0567,Crescent Wrench,Leith,Leith,15/17mm Spanner,5
ETL0568,Crescent Wrench,Leith,Leith,17/20mm Spanner,5
ETL0569,Crescent Wrench,Leith,Leith,Miniature Spanner Set,10
ETL0570,Needle Nose Pliers,Leith,Leith,Needle nosed pliers,5
ETL0571,Files,Leith,Leith,Needle File Set,10
ETL0572,Drills,Leith,Leith,Hand drill,15
ETL0573,Ball Peen Hammers,Leith,Leith,Ball peen hammer,4
ETL0574,Ball Peen Hammers,Leith,Leith,Cross peen hammer,4
ETL0575,Planes,Portobello,Portobello,Small Hand Plane,5
ETL0576,Crescent Wrench,Leith,Leith,Miniature Spanner Set,10
ETL0577,Levels,Leith,Leith,24cm Spirit Level,10
ETL0578,Lineman Plier,Leith,Leith,Slip-joint Pliers,4
ETL0579,Awl,Leith,Leith,Bradawl,10
ETL0580,Crescent Wrench,Leith,Leith,16cm Spanner,
ETL0581,Crescent Wrench,Leith,Leith,13.5cm Spanner,
ETL0582,Awl,Leith,Leith,Bradawl,10
ETL0583,Lineman Plier,Leith,Leith,Pliers,4
ETL0584,Jig Saws,Portobello,Portobello,Jigsaw,35
ETL0586,Belt Sanders,Leith,Leith,Belt Sander,40
ETL0587,Cordless Drills,Portobello,Portobello,Cordless Drill,
ETL0588,Wallpaper Steamer,Leith,Leith,Super Steamer Wallpaper Stripper,40
ETL0589,Claw Hammers,Portobello,Portobello,Claw Hammer,5
ETL0590,Claw Hammers,Portobello,Portobello,Claw Hammer,5
ETL0591,Circular Saws,Portobello,Portobello,Corded circular saw,60
ETL0593,Utility Wagon,Leith,Leith,Sack trolley,50
ETL0594,Wallpaper Steamer,Leith,Leith,Wallpaper Steamer,
ETL0595,Wallpaper Steamer,Portobello,Portobello,Wallpaper Steamer,
ETL0596,Soldering & Heat Guns,Leith,Leith,Heat gun,25
ETL0597,Finishing Power Sanders,Leith,Leith,Detail Sander,57
ETL0598,Cordless Circular Saw,Leith,Leith,Cordless circular saw,60
ETL0600,Hammer Drills,Leith,Leith,Black & Decker corded hammer drill,80
ETL0601,Power Planer,Leith,Leith,Black & Decker Plus Electric Plane,45
ETL0602,"Scythes, Sickles & Machetes",Leith,Leith,Hawkbill Machete,20
ETL0603,Screwdriver Sets,Leith,Leith,Ratchet screwdriver set,10
ETL0604,Electric Chippers,Leith,Leith,Flymo Gardenvac 2200w Turbo,60
ETL0605,Crescent Wrench,Leith,Leith,15cm Adjustable Spanner,
ETL0606,String Trimmer,Leith,Leith,Flymo Power Trim 500 XT Strimmer,40
ETL0607,Routers,Leith,Leith,Performance Power Electic Router,80
ETL0608,Metal Garden Rake,Leith,Leith,Roller Moss Remover / Scarifying rake,8
ETL0609,Scrapers,Leith,Leith,Tile adhesive comb,3
ETL0610,Scrapers,Leith,Leith,Wallpaper Spreader,3
ETL0611,Manual Hedge Trimmer,Leith,Leith,Stihl Petrol Hedge Trimmer,200
ETL0612,Pruning Saw,Leith,Leith,Bush saw,10
ETL0613,Scrapers,Leith,Leith,Wall/Floor Scraper,
ETL0614,Scrapers,Leith,Leith,Wall/Floor Scraper,
ETL0615,Ball Peen Hammers,Leith,Leith,Ball peen hammer,4
ETL0616,Claw Hammers,Leith,Leith,Claw Hammer,5
ETL0617,Levels,Leith,Leith,Axus Precision Wallpaper Trimming Edge,
ETL0618,Levels,Leith,Leith,Beeline Wallpaper Trimming Edge,
ETL0619,Sharp Bristle Brushes,Leith,Leith,Paperhanging Brush,
ETL0620,Caulk Guns,Leith,Leith,Silicon Sealant / Caulking Gun,
ETL0621,Notched Trowel,Leith,Leith,Plastic Plastering Trowel,
ETL0622,Notched Trowel,Leith,Leith,Tiling trowel,
ETL0623,Power Drills,Leith,Leith,Grout Out Electric Grout Remover,30
ETL0624,Scrapers,Leith,Leith,Paint scraper,
ETL0625,Tape Measures,Leith,,Tape measure,2
ETL0626,Tape Measures,Leith,Leith,Tape measure,2
ETL0627,Tape Measures,Leith,Leith,Tape measure,2
ETL0628,Tape Measures,Leith,Leith,Tape measure,2
ETL0630,Shears,Portobello,Portobello,Long handled shears,12
ETL0631,Wallpaper Steamer,Leith,Leith,Wallpaper Steamer,30
ETL0632,Hand Tile Cutter,Leith,Leith,Quarry and Floor Tile Cutter,10
ETL0633,Hammer Drills,Leith,Leith,Dewalt corded SDS hammer drill,80
ETL0634,Automotive Trickle Chargers,Leith,Leith,6 amp Battery Charger,
ETL0635,Grout Trowel,Leith,Leith,Grout Rake,
ETL0636,Scrapers,Leith,Leith,Paint scraper,
ETL0637,Scrapers,Leith,Leith,Narrow Paint Scraper,
ETL0638,Grout Trowel,Leith,Leith,Grout Rake,
ETL0639,Sharp Bristle Brushes,Leith,Leith,Wire brush,
ETL0640,Sharp Bristle Brushes,Leith,Leith,Paperhanging Brush,
ETL0641,Scrapers,Leith,Leith,Wall/Floor Scraper,
ETL0642,Squares,Leith,Leith,square,5
ETL0643,Hand Tools,Leith,Leith,Vintage Dunlop Foot Pump,
ETL0644,Hand Tile Cutter,Leith,Leith,Tile cutter,10
ETL0645,Hand Tile Cutter,Leith,Leith,Tile cutter,10
ETL0646,Grass Shear,Leith,Leith,Garden shears,10
ETL0647,Grass Shear,Leith,Leith,Garden shears,10
ETL0648,"Bits, Drivers and Accessories",Leith,Leith,Drill Bit set,10
ETL0649,Grass Shear,Leith,Leith,Long handled shears,6
ETL0650,Rulers,Leith,Leith,Steel ruler,
ETL0651,Rulers,Leith,Leith,Steel ruler,
ETL0652,Claw Hammers,Portobello,Portobello,Tack Hammer,5
ETL0653,Brick Hammers,Leith,Leith,Brick or Stonemason's Hammer,
ETL0654,Wood Chisel,Leith,Leith,Wood chisel,20
ETL0655,Files,Portobello,Portobello,File,
ETL0656,Squares,Leith,Leith,Large Wooden Protractor,
ETL0657,Wood Chisel,Leith,Leith,Wood chisel,20
ETL0658,Wood Chisel,Leith,Leith,Wood chisel,20
ETL0659,Claw Hammers,Leith,Leith,Claw / cross-pein hammer,5
ETL0660,Squares,Leith,Leith,Tri square,5
ETL0661,Crescent Wrench,Leith,Leith,22 / 19mm Spanner,2
ETL0662,Planes,Leith,Leith,Hand plane,5
ETL0663,Crescent Wrench,Leith,Leith,14 / 12mm Spanner,2
ETL0664,Crescent Wrench,Leith,Leith,8 / 10mm Spanner,2
ETL0666,Crescent Wrench,Leith,Leith,Set of Spanner / Ratchets,2
ETL0667,"Bits, Drivers and Accessories",Portobello,Portobello,Screwdriver Drill Bit set,5
ETL0668,Cordless Circular Saw,Leith,Leith,Cordless circular saw,60
ETL0670,Angle Grinders,Leith,Leith,DeWalt Angle Grinder,54
ETL0672,Belt Sanders,Portobello,Portobello,Palm Belt Sander,40
ETL0673,Power Planer,Leith,Leith,Electric Planer,45
ETL0674,Slip Joint Pliers,Leith,Leith,slip joint pliers,6
ETL0675,Wallpaper Steamer,Leith,Leith,Performance Power Steamer,40
ETL0676,Hand Tool Sets,Portobello,Portobello,Woodworking Kit,30
ETL0677,Open End Wrench,Leith,Leith,Combination Spanner/Wrench set,20
ETL0678,Hand Axe,Leith,Leith,Small Axe,30
ETL0679,Hand Axe,Leith,Leith,Small Axe,30
ETL0680,Hand Axe,Leith,Leith,Small Axe,30
ETL0681,Claw Hammers,Leith,Leith,Claw Hammer,5
ETL0682,Lawn Care (other),Leith,Leith,Lawn aerator,5
ETL0683,Screwdrivers,Leith,Leith,Screwdriver,1
ETL0684,Screwdrivers,Leith,Leith,Screwdriver,1
ETL0685,Screwdrivers,Leith,Leith,Screwdriver,1
ETL0686,Screwdrivers,Leith,Leith,Screwdriver,1
ETL0687,Screwdrivers,Leith,Leith,Screwdriver,1
ETL0688,Screwdrivers,Leith,Leith,Screwdriver,1
ETL0689,Screwdrivers,Leith,Leith,Screwdriver,1
ETL0690,Screwdrivers,Leith,Leith,Screwdriver,1
ETL0691,Screwdrivers,Leith,Leith,Screwdriver,1
ETL0692,Screwdrivers,Leith,Leith,Screwdriver,1
ETL0693,Screwdrivers,Leith,Leith,Screwdriver,1
ETL0694,Hoes,Leith,Leith,Turf Cutter,5
ETL0695,Crowbar,Leith,Leith,Large Crowbar,5
ETL0696,Crowbar,Leith,Leith,Crowbar,5
ETL0697,Chisels & Gouges,Leith,Leith,half moon gouge,
ETL0698,Chisels & Gouges,Leith,Leith,half moon gouge,
ETL0699,Wet Tile Saws,Leith,Leith,Vitrex Portable Diamond Blade Wet Saw 100mm,
ETL0700,Chisels & Gouges,Leith,Leith,half moon gouge,
ETL0701,Staple Gun,Portobello,Portobello,Staple gun,12
ETL0702,Bar Clamps,Leith,Leith,Adjustable vice clamp,10
ETL0703,"Bits, Drivers and Accessories",Leith,Leith,34 Piece Drill Bit set,47
ETL0704,"Bits, Drivers and Accessories",Leith,Portobello,15 Piece Drill Bit Masonry set,47
ETL0705,"Bits, Drivers and Accessories",Leith,Leith,5 Piece SDS Hammer Drill Bit set,47
ETL0706,Jig Saws,Leith,Leith,MacAllister Jigsaw,40
ETL0707,Float,Portobello,Portobello,Float Trowel,
ETL0708,Claw Hammers,Portobello,Portobello,Claw Hammer,5
ETL0709,Claw Hammers,Portobello,Leith,Claw Hammer,5
ETL0710,Tape Measures,Portobello,Portobello,Tape measure,2
ETL0711,Cordless Drills,Leith,Leith,Parkside cordless drill,50
ETL0712,"Pliers, Cutters, and Snips",Portobello,Portobello,Wire snips,4
ETL0713,Needle Nose Pliers,Portobello,Portobello,Needle nosed pliers,5
ETL0714,Lineman Plier,Portobello,Portobello,Pliers,4
ETL0715,Slip Joint Pliers,Portobello,Portobello,slip joint pliers,6
ETL0716,Linoleum Knives,Portobello,Portobello,Utility knife,4
ETL0717,Scrapers,Portobello,Portobello,Paint scraper 100mm,
ETL0718,Screwdrivers,Portobello,Portobello,Phillips head Screwdriver,1
ETL0719,Screwdrivers,Portobello,Portobello,Flat head Screwdriver,1
ETL0720,Screwdrivers,Portobello,Portobello,Flat head Screwdriver,1
ETL0721,Screwdrivers,Portobello,Portobello,Flat head Screwdriver,1
ETL0723,Extension Cords,Leith,Leith,Extension cable on reel,10
ETL0724,Extension Cords,Leith,Leith,Extension cable,
ETL0827,Random Orbit Sander,Leith,Leith,Axminster 430w Random Orbit Sander,40
ETL0833,Scrapers,Portobello,Portobello,Shavehook Paint Scraper,2
ETL0834,Files,Portobello,Leith,Wood file,2
ETL0836,Lineman Plier,Portobello,Portobello,Pliers,2
ETL0838,Screwdriver Sets,Portobello,Portobello,Flathead ratchet screwdriver,2
ETL0840,Screwdriver Sets,Leith,Leith,Bradawl,2
ETL0842,Rubber Mallets,Leith,Leith,Nylon tipped mallet,5
ETL0844,Crescent Wrench,Leith,Leith,Spark Plug Wrench 20mm,3
ETL0846,Circular Saws,Leith,Leith,Corded circular saw,60
ETL0847,Finishing Power Sanders,Leith,Leith,Clarke Sander/Polisher,45
ETL0848,Wet-Dry Vac,Leith,Leith,Bissell Carpet Washer,60
ETL0849,Extension Cords,Leith,Leith,Extension Lead,5
ETL0851,Files,Leith,Leith,Half-moon Rasp/File,5
ETL0852,Files,Leith,Leith,Large Square Edged File,
ETL0853,Files,Leith,Leith,Large Half Moon File,
ETL0854,Files,Leith,Leith,Large Square-Edged Rasp/File,5
ETL0855,Files,Leith,Leith,Square-Edged Rasp / File,5
ETL0856,Files,Leith,Leith,20mm Half-moon Rasp/File,5
ETL0857,Files,Leith,Leith,20mm Half-moon Rasp / File,5
ETL0858,Files,Leith,Leith,Mini Square Edged File,10
ETL0859,Files,Leith,Leith,Round File,4
ETL0860,Files,Leith,Leith,Round File,4
ETL0861,Files,Leith,Leith,Round File,4
ETL0862,Files,Leith,Leith,Round File,4
ETL0863,Files,Leith,Leith,Round File,4
ETL0864,Files,Leith,Leith,Square File,4
ETL0865,Files,Leith,Leith,Square-edged File,4
ETL0866,Files,Leith,Leith,Needle File Set,10
ETL0867,Files,Leith,Leith,Half moon/half rounded File,4
ETL0868,Files,Portobello,Portobello,Square Edged File,4
ETL0869,Files,Leith,Leith,Square Edged File,4
ETL0870,Screwdriver Sets,Leith,Leith,Bradawl,10
ETL0871,Wood Chisel,Leith,Leith,10mm Wood chisel,20
ETL0872,Wood Chisel,Leith,Leith,2.5mm Fine Wood chisel,20
ETL0873,Compressors,Leith,Leith,Airmaster Tiger Air Compressor,150
ETL0874,Allen Wrench Sets,Portobello,Portobello,Allen Keys,15
ETL0875,Stud finder,Leith,Leith,Stanley Intellisensor Pro Stud finder,20
ETL0876,Bar Clamps,Leith,Leith,Spring clamps (set of 4),10
ETL0877,Bar Clamps,Leith,Leith,Micro G clamps (set of 2),10
ETL0878,Bar Clamps,Leith,Leith,Small table vice,10
ETL0879,Bar Clamps,Leith,Leith,4 Corner clamps,10
ETL0880,Bar Clamps,Leith,Leith,Speed clamp - Set of 2,10
ETL0882,Squares,Leith,Leith,Adjustable tri square,5
ETL0883,Bottom Bracket Tools,Leith,Leith,Bottom Bracket Removing Tool,15
ETL0884,Bar Clamps,Leith,Leith,G clamp,10
ETL0885,Bar Clamps,Leith,Leith,G clamp,10
ETL0886,Bar Clamps,Leith,Leith,G clamp set of 4,10
ETL0887,Hack saw,Leith,Leith,Small Hacksaw,7
ETL0888,Hack saw,Leith,Leith,Small Hacksaw,7
ETL0889,Hack saw,Leith,Leith,Small Hacksaw,7
ETL0890,Hack saw,Leith,Leith,Junior Hacksaw,7
ETL0891,Hack saw,Leith,Leith,Hack saw,7
ETL0892,Hack saw,Leith,Leith,Bush saw,7
ETL0893,Saws,Leith,Leith,Tile Saw,
ETL0894,Testers (hand held),Leith,Leith,Stud finder,20
ETL0895,Miscellaneous Furniture,Leith,Leith,Portable Work bench,110
ETL0896,Socket Sets,Leith,Leith,Ratchet Socket set,20
ETL0897,Hammer Drills,Leith,Leith,Power Devil corded hammer drill,80
ETL0898,Hammer Drills,Leith,Leith,Black & Decker corded hammer drill,80
ETL0899,Cordless Drills,Portobello,Portobello,Electric Screwdriver,20
ETL0900,Finishing Power Sanders,Leith,Leith,Belt Sander,45
ETL0901,Socket Sets,Portobello,Portobello,Ratchet Socket Set,5
ETL0902,Power Planer,Leith,Leith,Black & Decker Electric Plane,45
ETL0903,Misc,Leith,Leith,Laminate Cutter,
ETL0906,Jig Saws,Leith,Leith,Black and decker jigsaw,40
ETL0907,Finishing Power Sanders,Portobello,Portobello,Finishing Sander,45
ETL0908,Cordless Drills,Leith,Leith,Cordless drill,25
ETL0909,Cordless Drills,Leith,Leith,Cordless drill,25
ETL0910,Hammer Drills,Leith,Leith,Corded hammer drill,80
ETL0911,Levels,Leith,Leith,Self-levelling Laser level,110
ETL0912,Testers (hand held),Portobello,Portobello,"Combined Metal, Voltage and Stud Detector",20
ETL0913,Socket Sets,Leith,Leith,Ratcheting Socket Set,
ETL0914,Power Saws,Leith,Leith,Chop saw,50
ETL0915,Power Saws,Leith,Leith,Mini Chop saw,50
ETL0916,Carpet Kicker,Leith,Leith,Carpet Kicker,
ETL0917,Pipe Cutters,Leith,Leith,Pipe Bender,
ETL0918,Circular Saws,Leith,Leith,Corded circular saw,60
ETL0919,Circular Saws,Leith,Leith,Corded circular saw,60
ETL0920,Jig Saws,Leith,Leith,Reciprocating saw,80
ETL0921,Wallpaper Steamer,Leith,Leith,Wallpaper Steamer,30
ETL0923,Finishing Power Sanders,Leith,Leith,Bosch Power Sander,30
ETL0924,Rotary Tools,Portobello,Portobello,Rotary tool,57
ETL0925,Angle Grinders,Leith,Leith,Black & Decker Small Angle Grinder,54
ETL0928,Saw Horses,Leith,Leith,Set 2 Heavy Duty Trestles,
ETL0929,Reciprocating Saw,Leith,Leith,Reciprocating Saw,140
ETL0930,Jack Stands,Leith,Leith,3 tonne Axle stands,30
ETL0931,Distance Meters,Leith,Leith,Micrometer,
ETL0932,Drills,Leith,Leith,Mitre Box,5
ETL0933,Spade Shovel,Leith,Leith,Garden spade,5
ETL0934,Post Hole Digger,Leith,Leith,Post Spade,
ETL0935,Spade Shovel,Portobello,Portobello,Garden Spade,5
ETL0936,Spade Shovel,Portobello,Portobello,Garden Spade,5
ETL0937,Spade Shovel,Leith,Leith,Small Garden Spade,5
ETL0938,Levels,Leith,Leith,Magnetic Spirit Level,10
ETL0939,Saws,Leith,Leith,Hand saw,
ETL0940,Table Saws,Leith,Leith,Macallister Table Saw,67
ETL0941,Bar Clamps,Leith,Leith,G clamp set of 2,10
ETL0942,Bar Clamps,Leith,Leith,G clamp set of 2,10
ETL0943,Bar Clamps,Leith,Leith,Small G clamp,10
ETL0944,Jig Saws,Leith,Leith,Parkside Jigsaw,40
ETL0945,Pipe Wrenches,Leith,Leith,Size 14 Pipe Wrench,
ETL0946,"Bits, Drivers and Accessories",Leith,Leith,BOSCH X50Ti Drill Bit Set,
ETL0947,Hack saw,Leith,Leith,"HACK SAW 12""",
ETL0948,Trowel,Leith,Leith,Trowel,
ETL0949,Staple Gun,Leith,Portobello,STAPLE GUN (4 WAY),15
ETL0950,Scrapers,Leith,Leith,POLYCELL SMART /SMOOTHER SCRAPER APPLICATOR,
ETL0951,Scrapers,Leith,Leith,POLYCELL SMART /SMOOTHER SCRAPER APPLICATOR,
ETL0952,Staple Gun,Leith,Leith,Staple Gun,
ETL0953,Hoes,Leith,Leith,Garden hoe,5
ETL0954,Hoes,Leith,Leith,Garden hoe,5
ETL0955,Hoes,Leith,Leith,Spud Hoe,5
ETL0956,Spade Shovel,Leith,Leith,Garden Spade,5
ETL0957,Rubber Mallets,Leith,Leith,Wooden mallet,8
ETL0958,Wheelbarrow,Leith,Leith,Wheelbarrow,
ETL0959,Saws,Leith,Leith,Sandvik Hand saw,
ETL0960,Pipe Cutters,Leith,Leith,Adjustable Pipe Cutter,15
ETL0961,Metal Garden Rake,Leith,Leith,Garden rake,8
ETL0962,String Trimmer,Leith,Leith,Black & Decker Reflex Plus Strimmer,40
ETL0963,Miscellaneous Furniture,Leith,Leith,Pasting Table,20
ETL0964,Finishing Power Sanders,Leith,Leith,Detail Sander,57
ETL0965,Levels,Leith,Leith,60cm Spirit Level,10
ETL0966,Linoleum Knives,Leith,Leith,Stanley knife,4
ETL0967,Electric Mixers & Dispensers,Leith,Leith,Mixing Paddle,
ETL0969,Wood Clamp,Leith,Leith,Wooden Clamp - Set of 2,
ETL0970,Lawn Mower,Leith,Leith,Push Mower,
ETL0971,Allen Wrench Sets,Leith,Leith,Radiator key,1
ETL0972,Jig Saws,Portobello,Portobello,Jigsaw,40
ETL0973,Bike Tools,Leith,Leith,Bicycle Floor Pump,
ETL0974,Drill Bits,Leith,Leith,Forstner Bit Set,8
ETL0975,Pressure Washers,Leith,Leith,Waxoyl Pressure Sprayer,
ETL0976,Extension Cords,Leith,Leith,Extension cable,3.99
ETL0977,Soldering & Heat Guns,Leith,Leith,Soldering iron,5
ETL0978,Automotive Trickle Chargers,Leith,Leith,6 amp 12 V Battery Charger,
ETL0979,Pipe Wrenches,Leith,Leith,Large pipe wrench,8
ETL0981,Planes,Leith,Leith,Shoulder plane,5
ETL0982,Saws,Leith,Leith,Mitre box,
ETL0983,Saws,Leith,Leith,Hand saw,
ETL0984,Hand Pruner,Leith,Leith,Garden Secateurs,
ETL0985,Finishing Power Sanders,Portobello,Portobello,Belt Sander,45
ETL0986,Hand Tile Cutter,Portobello,Portobello,Tile cutter,10
ETL0987,Mixed Wrench Sets,Leith,Leith,Socket and Spanner Set,25
ETL0988,Circular Saws,Portobello,Portobello,Corded circular saw,60
ETL0989,Cordless Drills,Portobello,Portobello,Electric Screwdriver,25
ETL0990,Routers,Portobello,Portobello,Plunge Router,80
ETL0991,Soldering & Heat Guns,Leith,Leith,Heat Gun,25
ETL0992,Levels,Portobello,Portobello,60cm Spirit Level,10
ETL0993,Levels,Portobello,Portobello,60cm Spirit Level,10
ETL0994,Open End Wrench,Portobello,Portobello,Metric Combo Spanner Set,20
ETL0995,Crescent Wrench,Portobello,Portobello,"Adjustable Crescent Spanner 15""",
ETL0996,Bar Clamps,Portobello,Portobello,G Clamp,10
ETL0997,Bar Clamps,Portobello,Portobello,G Clamp,10
ETL0998,Open End Wrench,Portobello,Portobello,Metric Combo Spanner Set,20
ETL0999,Hot Glue Gun,Portobello,Leith,Glue Gun,
ETL1000,Tenon Saws,Portobello,Portobello,Tenon Saw,2
ETL1001,Levels,Portobello,Portobello,60cm Spirit Level,10
ETL1002,Back Saw,Portobello,Leith,Panel Saw,5
ETL1003,Misc,Leith,Leith,Mitre Box,
ETL1004,Saws,Portobello,Portobello,Back Saw,30
ETL1005,Saws,Portobello,Portobello,Panel Saw,20
ETL1006,Saws,Portobello,Portobello,Panel Saw,20
ETL1007,Saws,Portobello,Portobello,Hardpoint Saw,20
ETL1008,Saws,Portobello,Portobello,,20
ETL1009,Saws,Portobello,Portobello,Rip Saw,20
ETL1010,Wallpaper Steamer,Leith,Leith,Wallpaper Steamer,50
ETL1011,Claw Hammers,Portobello,Portobello,Claw Hammer,5
ETL1012,Claw Hammers,Portobello,Portobello,Claw Hammer,5
ETL1013,Claw Hammers,Portobello,Portobello,Claw Hammer,5
ETL1014,Claw Hammers,Portobello,Portobello,Claw Hammer,5
ETL1015,Ball Peen Hammers,Portobello,Portobello,Ball Pein Hammer,4
ETL1016,Finishing Power Sanders,Leith,Leith,Black and Decker Power Sander,30
ETL1017,Finishing Power Sanders,Leith,Leith,Black and Decker Orbital Power Sander,30
ETL1018,Finishing Power Sanders,Leith,Leith,Palm Sander,57
ETL1019,Jig Saws,Portobello,Portobello,Jigsaw,40
ETL1020,Jig Saws,Portobello,Portobello,Jigsaw,40
ETL1021,Jig Saws,Portobello,Leith,Jigsaw,40
ETL1022,Heat Gun,Portobello,Portobello,Heat gun,45
ETL1023,Power Planer,Portobello,Portobello,Electric Planer,45
ETL1024,Crescent Wrench,Portobello,Portobello,Torque Wrench,3
ETL1025,Cordless Drills,Portobello,Portobello,Cordless Drill Driver,
ETL1026,Power Planer,Portobello,Portobello,Electric Planer,45
ETL1027,Routers,Portobello,Portobello,Small Plunge Router,80
ETL1028,Power Saws,Leith,Leith,Small Mitre Saw,50
ETL1029,Routers,Leith,Leith,Router table and electric router,80
ETL1030,Utility Wagon,Leith,Leith,Small trolley,30
ETL1031,Crow Bars,Leith,Leith,Pallet Breaker,25
ETL1033,Drill Bits,Leith,Leith,Screw Extractor,
ETL1034,Welders,Portobello,Portobello,Stick Welder,
ETL1035,Garden Tools,Portobello,Portobello,Hedge Trimmer,
ETL1036,Angle Grinders,Portobello,Portobello,Angle grinder,
ETL1037,Circular Saws,Portobello,Portobello,Corded circular saw,60
ETL1038,Power Tools,Portobello,Portobello,Electric Grout Remover,
ETL1039,Power Planer,Leith,Leith,Electric Planer,45
ETL1040,Staple Guns,Leith,Portobello,Nail-Staple Gun,
ETL1041,Wet Tile Saws,Portobello,Portobello,Wet tile saw,
ETL1042,Power Saws,Portobello,Portobello,Reciprocating Saw,
ETL1043,Cordless Drills,Portobello,Portobello,Makita cordless drill driver,
ETL1044,Electric Hedge Trimmer,Leith,Portobello,Hedge Trimmer,
ETL1045,Electric Hedge Trimmer,Leith,Leith,Hedge Trimmer,
ETL1046,Heat Gun,Leith,Leith,Heat Gun,
ETL1047,Hammer Drills,Portobello,Portobello,Electric Hammer Drill,
ETL1048,Sanders,Portobello,Portobello,Orbital Sander,
ETL1049,Power Planer,Portobello,Leith,Electric Planer,45
ETL1050,Routers,Leith,Leith,Plunge Router,
ETL1051,Sanders,Portobello,Portobello,Detail Sander,
ETL1052,Hammer Drills,Portobello,Portobello,Hammer Drill (corded),
ETL1053,Jig Saws,Portobello,Portobello,Jigsaw,
ETL1054,Heat Gun,Portobello,Portobello,Heat Gun,
ETL1055,Caulk Guns,Leith,Leith,Caulking Gun,10
ETL1056,Screwdriver Sets,Leith,Leith,Set of leatherworking awls,10
ETL1057,Metal Garden Rake,Leith,Leith,Small hand rake,8
ETL1058,Brick Trowel,Leith,Leith,Small Garden Trowel,5
ETL1059,Digging Fork,Leith,Leith,Small Hand-held Garden Fork,5
ETL1060,Spade Shovel,Leith,Leith,Garden Spade,5
ETL1061,Caulk Guns,Leith,Leith,Sealant gun,
ETL1062,Automotive Ramps,Leith,Leith,Car Ramp,
ETL1063,Watering Tools,Leith,Leith,Pneumatic Hose,
ETL1064,Jig Saws,Leith,Leith,Axminster Jigsaw,40
ETL1066,Crowbar,Portobello,Portobello,Crowbar,
ETL1067,Crowbar,Portobello,Portobello,Crowbar,
ETL1068,Hand Tools,Portobello,Portobello,Cross Pein Hammer,
ETL1069,Hammers & Mallets,Portobello,Portobello,Claw Hammer,
ETL1070,Garden Tools,Leith,Leith,Lawn Spreader,
ETL1071,Staple Gun,Leith,Leith,Staple Gun,
ETL1072,"Bits, Drivers and Accessories",Portobello,Portobello,75 piece drill bit and saw set,36
ETL1073,Planes,Portobello,Leith,Hand plane,5
ETL1074,Squares,Portobello,Portobello,Tri square,5
ETL1075,Measuring & Layout Tools,Portobello,Portobello,Plastic Profile Gauge,5
ETL1076,Hand Pruner,Portobello,Portobello,Garden Secateurs,
ETL1077,Hand Axe,Portobello,Portobello,Small Axe,30
ETL1078,Drills,Leith,Leith,Auger Brace Bit Set,30
ETL1079,Grass Shear,Portobello,Portobello,Large Lopping Shears,20
ETL1080,Caulk Guns,Portobello,Portobello,Caulk Gun,2
ETL1081,Bar Clamps,Portobello,Portobello,Corner clamp - set of 4,40
ETL1082,Bar Clamps,Portobello,Portobello,Corner clamp - Set of 4,40
ETL1083,Crescent Wrench,Portobello,Portobello,"Adjustable Spanner, 250mm",10
ETL1084,Crescent Wrench,Leith,Leith,Wheel Wrench Cross,15
ETL1085,Allen Wrench Sets,Portobello,Portobello,Bike Allen Key Set,10
ETL1086,Crescent Wrench,Portobello,Portobello,"8"" Adjustable Spanner",
ETL1087,Staple Gun,Portobello,Portobello,Staple Gun,8
ETL1088,Socket Sets,Portobello,Portobello,Imperial Socket Set,5
ETL1089,Tape Measures,Portobello,Portobello,Sink / Drain grabber claw,3
ETL1090,Caulk Guns,Portobello,Portobello,Metal Clamp,5
ETL1091,Bar Clamps,Portobello,Portobello,G clamp set of 2,10
ETL1092,Bar Clamps,Portobello,Portobello,G clamp set of 3,10
ETL1093,Cement Chisel,Portobello,Portobello,Brick Bolster chisel,8
ETL1094,Cement Chisel,Portobello,Leith,Brick Bolster chisel,8
ETL1095,Lawn Mower,Leith,Leith,Lawn Mower,80
ETL1096,Garden Tools,Leith,Leith,Leaf Blower,80
ETL1097,String Trimmer,Portobello,Portobello,Electric strimmer/edger,40
ETL1098,Garden Tools,Leith,Leith,Manual Lawn Mower,25
ETL1099,Garden Tools,Portobello,Portobello,Manual Lawn Mower,25
ETL1100,Electric Chippers,Portobello,Leith,Garden shredder,60
ETL1101,Electric Hedge Trimmer,Portobello,Portobello,Cordless Telescopic Hedge Trimmer,50
ETL1102,Spade Shovel,Leith,Leith,Paper briquette log maker,5
ETL1103,Float,Portobello,Portobello,Float Trowel,5
ETL1104,Float,Portobello,Portobello,Float Trowel,5
ETL1105,Brick Trowel,Portobello,Portobello,Pointing Trowel,3
ETL1106,Scrapers,Portobello,Portobello,Paint scraper 100mm,2
ETL1107,Sharp Bristle Brushes,Portobello,Portobello,"Paint Brush 3""",3
ETL1108,Sharp Bristle Brushes,Portobello,Portobello,Paint Brush,3
ETL1110,Hole Saw Kit,Leith,Leith,Hole Saw Set,30
ETL1111,Crescent Wrench,Leith,Leith,Spark Plug Wrench 20mm,3
ETL1112,Crimpers,Leith,Leith,Crimping Tool Set,
ETL1113,Vise Grips,Leith,Leith,Mole grips,15
ETL1114,Hand Tools,Leith,Leith,Portable Folding Work Bench,110
ETL1115,Hand Tools,Portobello,Portobello,Portable Folding Work Bench,110
ETL1116,Step Ladders,Portobello,Portobello,Step Ladder,25
ETL1117,Step Ladders,Portobello,Portobello,Small Step Ladder,20
ETL1118,Bike Tools,Portobello,Portobello,"Bike Pump, Floor",20
ETL1120,Garden Tools,Portobello,Leith,Garden Rake,8
ETL1121,Hand Tools,Portobello,Leith,"Painting, Roller Extension Pole",7
ETL1122,Hand Tools,Portobello,Portobello,Garden Hoe,
ETL1123,Shears,Portobello,Portobello,Edging Shears,30
ETL1124,Pressure Washers,Leith,Leith,8L Vehicle Washing Sprayer,
ETL1125,Coping Saw,Portobello,Leith,Coping Saw,10
ETL1126,Hack saw,Leith,Leith,Junior hack saw,5
ETL1127,Tenon Saws,Leith,Leith,Tenon Saw,2
ETL1128,Saws,Leith,Leith,Hand saw,
ETL1129,Routers,Portobello,Portobello,Router accessories,30
ETL1130,Scrapers,Leith,Leith,Narrow Paint Scraper,
ETL1131,Scrapers,Leith,Leith,Narrow Short Paint Scraper,
ETL1132,Caulk Guns,Leith,Leith,Silicone Gun,
ETL1133,Caulk Guns,Portobello,Portobello,Silicone Gun,
ETL1134,Wallpaper Steamer,Portobello,Portobello,Wallpaper Steamer,50
ETL1135,Power Tools,Portobello,Portobello,Mitre Saw with Laser Guide,60
ETL1136,Bench Grinders,Portobello,Portobello,Bench Grinder,20
ETL1137,Circular Saws,Portobello,Portobello,Corded circular saw,40
ETL1138,Power Tools,Portobello,Portobello,Forstner,26
ETL1139,Sewing Machines,Portobello,Portobello,Sewing machine,70
ETL1140,Sanders,Portobello,Portobello,Orbital Sander,30
ETL1141,Cordless Drills,Portobello,Portobello,Cordless Hammer Drill,20
ETL1142,Hammer Drills,Portobello,Portobello,Corded Hammer Drill,
ETL1143,Garden Tools,Portobello,Portobello,Mesh Riddle 10mm,7
ETL1144,Power Drill 1/2in,Portobello,Portobello,Corded Hammer Drill,
ETL1145,Tools,Leith,Leith,Dehumidifier,157
ETL1146,Routers,Portobello,Portobello,Plunge Router,
ETL1147,Cordless Drills,Portobello,Portobello,Electric Screwdriver,20
ETL1148,Cordless Drills,Portobello,Portobello,Electric Screwdriver,20
ETL1149,Metal Garden Rake,Portobello,Portobello,Grass Rake,8
ETL1150,Digging Fork,Portobello,Portobello,Garden Fork,5
ETL1151,Digging Fork,Portobello,Portobello,Garden Fork,5
ETL1152,Shears,Portobello,Portobello,Edging Shears,30
ETL1153,Garden Tools,Portobello,Portobello,Lawn Edger,15
ETL1154,Garden Tools,Portobello,Portobello,Edger,15
ETL1155,"Bits, Drivers and Accessories",Leith,Leith,Drill and Screwdriver Bit set,10
ETL1156,Saws,Leith,Leith,Hand saw,
ETL1157,Files,Portobello,Portobello,Wood file,4
ETL1158,Planes,Portobello,Portobello,Hand plane,5
ETL1159,Claw Hammers,Portobello,Portobello,Club hammer,5
ETL1160,Scrapers,Portobello,Portobello,Paint scraper,10
ETL1161,Scrapers,Portobello,Portobello,Paint scraper,10
ETL1162,Power Drill 3/8in,Portobello,Portobello,Hammer Drill,
ETL1163,Hammer Drills,Portobello,Portobello,Hammer Drill,80
ETL1164,Corded & Plug-in,Portobello,Portobello,Nail Gun (Electric),40
ETL1165,Finishing Power Sanders,Portobello,Portobello,Sander,30
ETL1166,Sanders,Portobello,Portobello,Detail Sander,25
ETL1167,Routers,Portobello,Portobello,Plunge Router,80
ETL1168,Wallpaper Steamer,Portobello,Portobello,Wallpaper Stripper,40
ETL1169,"Pliers, Cutters, and Snips",Leith,Leith,Carpenter's Pincers,
ETL1170,Sharpeners,Leith,Leith,4-in-One Sharpener,
ETL1171,Wallpaper Steamer,Leith,Leith,Wallpaper steamer,25
ETL1172,Chop Saws,Leith,Leith,Ryobi Chop Saw,
ETL1173,Hand Tool Sets,Leith,Leith,Hand tool set,40
ETL1174,Loppers,Leith,Leith,Extendable Branch Loppers,
ETL1175,Loppers,Leith,Leith,Branch Loppers,
ETL1176,Loppers,Leith,Leith,Branch Loppers,
ETL1177,Loppers,Leith,Leith,Branch Loppers,
ETL1179,Levels,Leith,Leith,Spirit level,110
ETL1180,"Bits, Drivers and Accessories",Leith,Leith,Drill Bit set,10
ETL1181,Hoe Weeders,Leith,Leith,Patio Knife,
ETL1182,Coping Saw,Leith,Leith,Coping Saw,10
ETL1183,Hoe Weeders,Leith,Leith,Patio Knife,
ETL1184,Saws,Leith,Leith,Hand saw,
ETL1185,Screwdriver Sets,Leith,Leith,Screwdriver set,15
ETL1186,Levels,Leith,Portobello,1m Spirit Level,10
ETL1187,Crescent Wrench,Leith,Leith,15cm Adjustable Spanner,
ETL1188,Allen Wrench Sets,Leith,Leith,Allen Keys,10
ETL1189,Levels,Leith,Leith,Wallpaper Cutting Guide,
ETL1190,Squares,Leith,Leith,Adjustable square,15
ETL1191,Trowel,Leith,Leith,Corner Trowel Set (2 piece),
ETL1192,Drill Bits,Leith,Leith,Pocket joint drill and screw bit set / jig,
ETL1193,"Bits, Drivers and Accessories",Leith,Leith,Screwdriver Drill Bit set,5
ETL1194,Crescent Wrench,Leith,Leith,Adjustable spanner,
ETL1195,Crescent Wrench,Leith,Leith,Adjustable spanner,6
ETL1196,Crescent Wrench,Leith,Leith,Adjustable spanner,6
ETL1197,Circular Saws,Leith,Leith,Corded circular saw,60
ETL1198,Circular Saws,Leith,Leith,Corded circular saw,60
ETL1199,Extension Cords,Leith,Leith,Extension cable,3.99
ETL1200,Finishing Power Sanders,Leith,Leith,Palm Sander,57
ETL1201,Cordless Drills,Leith,Leith,Cordless drill driver,25
ETL1202,Finishing Power Sanders,Leith,Leith,Palm Sander,57
ETL1204,Finishing Power Sanders,Leith,Leith,Palm Sander,57
ETL1205,Wet Tile Saws,Leith,Leith,Wet Tile Saw,30
ETL1207,Cordless Drills,Leith,Leith,Cordless drill,25
ETL1208,Power Drill 3/8in,Leith,Leith,Corded hammer drill,80
ETL1209,Wallpaper Steamer,Leith,Leith,Wallpaper Stripper,40
ETL1211,Automotive Tools,Leith,Leith,Jump Leads,
ETL1212,Scrapers,Leith,Leith,Wall/Floor Scraper,
ETL1213,"Bits, Drivers and Accessories",Leith,Leith,SDS Masonry drill bit set,47
ETL1214,Jig Saws,Leith,Leith,Ryobi Jigsaw,40
ETL1215,Hammer Drills,Leith,Leith,Variable Speed SDS Corded Hammer Drill,
ETL1216,Paste Brush,Leith,Leith,Autopaster Wallpaper pasting tool,15
ETL1218,Random Orbit Sander,Leith,Leith,Random Orbital Sander,40
ETL1219,Angle Grinders,Leith,Leith,Angle Grinder,54
ETL1220,Heat Gun,Leith,Leith,Heat gun,55
ETL1221,Routers,Leith,Leith,Handy Power Electric Router,80
ETL1222,Bicycle Accessories,Leith,Leith,Chain Whip,
ETL1223,Bicycle Accessories,Leith,Leith,15 mm Bicycle Pedal Spanner,
ETL1224,Wrenches,Leith,Leith,Adjustable Spanner,
ETL1225,Manual Drain Auger,Leith,Leith,Manual Drain Auger,23
ETL1226,Bicycle Accessories,Leith,Leith,Bungee cords,
ETL1227,Bicycle Accessories,Leith,Leith,Crank Remover,
ETL1228,Power Planer,Portobello,Portobello,Bosch Electric Planer,45
ETL1230,Extension Cords,Leith,Leith,Extension cable on reel,10
ETL1231,Routers,Leith,Leith,Trim Router,80
ETL1232,Power Planer,Leith,Leith,Ryobi 10 Electric Surface Planer & Transformer,450
ETL1233,Finishing Power Sanders,Leith,Leith,Orbital Sander,45
ETL1234,Open End Wrench,Leith,Leith,Combination Spanner/Wrench set,20
ETL1235,"Bits, Drivers and Accessories",Leith,Leith,Router bit set,
ETL1236,Drill Bits,Leith,Leith,Screwdriver/socket bits set,
ETL1237,"Pliers, Cutters, and Snips",Leith,Leith,Bolt cutter 18inch,
ETL1238,Wallpaper Steamer,Leith,Leith,Wallpaper perforator,6
ETL1239,Drill Bits,Leith,Leith,Plug hole cutter/dowel making drill bit set,12
ETL1240,Cordless Drills,Leith,Leith,Cordless drill,25
ETL1241,Vises,Leith,Leith,Dowel jig,10
ETL1243,Amp Meters,Leith,Leith,Amprobe Multimeter,20
ETL1244,Soldering & Heat Guns,Leith,Leith,Soldering iron,5
ETL1245,Soldering & Heat Guns,Leith,Leith,Soldering iron,5
ETL1246,Power Drill 3/8in,Leith,Portobello,Corded hammer drill,80
ETL1247,Cargo Vans,Leith,Leith,Truck bed cargo net,20
ETL1248,Buckets,Leith,Leith,Bucket,
ETL1249,Paint Mixers & Stirrers,Leith,Leith,Mixing paddle,
ETL1250,Hand Tile Cutter,Leith,Leith,NoMorePly Tile Scoring Knife,10
ETL1251,Cordless Drills,Leith,Leith,DeWalt Cordless Drill,
ETL1252,"Bits, Drivers and Accessories",Leith,Leith,Drill Bit Set,
ETL1253,Hammer Drills,Leith,Leith,DeWalt Corded Hammer Drill,
ETL1254,Cordless Drills,Leith,Leith,Bosh cordless drill,
ETL1255,Drill Bits,Leith,Leith,Drill Driver Bit Set,
ETL1256,"Bits, Drivers and Accessories",Leith,Leith,75 Piece Drill Bit and Saw set,36
ETL1257,"Bits, Drivers and Accessories",Leith,Leith,75 Piece Drill Bit and Saw set,36
ETL1258,"Bits, Drivers and Accessories",Leith,Leith,75 Piece Drill Bit and Saw set DEPOT USE ONLY,36
ETL1259,"Bits, Drivers and Accessories",Leith,Leith,4 Piece SDS Drill Bit set (masonry),20
ETL1260,"Bits, Drivers and Accessories",Leith,Leith,4 Piece SDS Drill Bit set (masonry),20
ETL1261,Tap and Die,Leith,Leith,Clarke CHT303 28-Pce Tap & Die Set,32
ETL1262,Tape Measures,Leith,Leith,Tape measure,2
ETL1263,Drill Bits,Portobello,Portobello,75 Piece Drill Bit Set,25
ETL1264,Drill Bits,Portobello,Portobello,75 Piece Drill Bit Set,25
ETL1265,Pressure Washers,Leith,Leith,Pressure Washer,110
ETL1266,Chop Saws,Leith,Leith,Titan 10 compound mitre saw,100
ETL1267,Coping Saw,Leith,Leith,Coping Saw,10
ETL1268,Pipe Cutters,Leith,Leith,Plastic Pipe Cutter,15
ETL1269,Jacks,Leith,Leith,Hydraulic trolley jack,45
ETL1270,"Pliers, Cutters, and Snips",Leith,Leith,Carpenter's Pincers,
ETL1271,"Pliers, Cutters, and Snips",Leith,Leith,Carpenter's Pincers,
ETL1272,"Pliers, Cutters, and Snips",Leith,Leith,Carpenter's Pincers,
ETL1273,Scrapers,Leith,Leith,Tile adhesive comb,3
ETL1274,Scrapers,Leith,Leith,Tile adhesive comb,3
ETL1275,Buckets,Leith,Leith,Small Bucket,
ETL1276,Spade Shovel,,,Garden spade,5
ETL1277,Electric Chippers,Leith,Portobello,Garden shredder,
ETL1278,Spade Shovel,Leith,Leith,Garden spade,5
ETL1279,Drill Bits,Portobello,Portobello,75 Piece Drill Bit Set,25
ETL1280,String Trimmer,Portobello,Portobello,Cordless strimmer,40
ETL1281,Digging Fork,Leith,Leith,Garden Fork,5
ETL1282,Loppers,Leith,Leith,Extendable Branch Loppers,
ETL1283,Utility Wagon,Leith,Leith,Plastic Dolly / Trolley,30
ETL1284,Basin Wrench,Leith,Leith,Basin Wrench / Spanner,
ETL1285,Crescent Wrench,Leith,Leith,Adjustable spanner,
ETL1286,Electric Hedge Trimmer,Portobello,Portobello,Corded Hedge Trimmer,30
ETL1287,Garden Tools,Portobello,Portobello,Cordless Hedge Trimmer,30
ETL1288,Tuck Point Trowel,Leith,Leith,Finger Pointing Trowel,
ETL1289,Tuck Point Trowel,Leith,Leith,Finger pointing trowel,
ETL1290,Pipe Cutters,Leith,Leith,Bottle cutter,20
ETL1291,Activities,Leith,Leith,Bubble Machine,
ETL1292,Files,Leith,Leith,Half Round Hand File,
ETL1293,Drill Bits,Leith,Leith,Heavy Duty SDS+ drill bit set,
ETL1294,Crescent Wrench,Leith,Leith,Adjustable Crescent Spanner,
ETL1295,Tuck Point Trowel,Leith,Leith,Finger Pointing Trowel,
ETL1296,Utility Wagon,Portobello,Portobello,Sack trolley,50
ETL1297,Cordless Drills,Portobello,Portobello,Electric Screwdriver,20
ETL1298,Rotary Tools,Portobello,Portobello,Cordless Rotary Tool,57
ETL1299,Garden Tools,Portobello,Portobello,Lawn Mower,
ETL1300,Keys,Portobello,Portobello,Allen Key set,
ETL1301,Allen Wrench Sets,Portobello,Portobello,9 piece imperial allen key set,
ETL1302,Wrench Sets,Portobello,Portobello,8 piece imperial Hex (Allen) Key Set,
ETL1303,Socket Sets,Portobello,Portobello,1/2 in drive imperial socket set,
ETL1304,Extension Cords,Portobello,Portobello,Extension Lead,5
ETL1305,Squares,Portobello,Portobello,Square,5
ETL1306,Squares,Portobello,Portobello,square,5
ETL1307,Drill Bits,Portobello,Portobello,Screwdriver/socket bits set,10
ETL1308,"Bits, Drivers and Accessories",Portobello,Portobello,BOSCH Multi Bit Set,
ETL1309,Engraver,Portobello,Leith,Multi Tool Rotary Tool,50
ETL1310,Pressure Washers,Portobello,Portobello,Pressure Washer with accessories,100
ETL1311,Hand Tools,Portobello,Portobello,Portable Folding Work Bench,110
ETL1312,Corded Mowers,Leith,Leith,Electric lawn mower,90
ETL1313,Hole Saw Kit,Leith,Leith,Hole Saw Set,30
ETL1314,Hand Sickle,Leith,Leith,Hand sickle,5
ETL1315,Power Saws,Portobello,Portobello,Reciprocating Saw,
ETL1316,Hand Tools,Portobello,Portobello,Screw & Bolt Extractor Set,
ETL1317,Pipe Cutters,Leith,Leith,Adjustable Pipe Cutter,15
ETL1318,"Bits, Drivers and Accessories",Leith,Leith,Drill Bit set,10
ETL1319,Metal Garden Rake,Leith,Leith,Garden rake,8
ETL1320,Hand Tools,Portobello,Portobello,Portable Folding Work Bench,110
ETL1321,Hand Tools,Portobello,Portobello,Portable Folding Work Bench,110
ETL1323,String Trimmer,Leith,Leith,Bosch combitrim Strimmer,40
ETL1324,String Trimmer,Leith,Leith,Flymo Strimmer,30
ETL1325,Random Orbit Sander,Leith,Leith,Random Orbit Sander,40
ETL1326,Finishing Power Sanders,Leith,Leith,Black and Decker Mouse Sander,57
ETL1327,Wood Chisel,Portobello,Portobello,Wood chisel Set,2
ETL1328,Hammer Drills,Portobello,Portobello,Bosch corded SDS hammer drill,80
ETL1329,Hammers & Mallets,Portobello,Portobello,Wooden mallet,5
ETL1330,Slip Joint Pliers,Portobello,Portobello,Pipe wrench set (2 pieces),12
ETL1331,Small Tiller,Leith,Leith,Rotavator (4 stroke petrol),265
ETL1332,Step Ladders,Leith,Leith,Step ladders,
ETL1333,Hack saw,Leith,Leith,Modular hand saw,
ETL1334,Miter Saws,Leith,Leith,Hand Mitre Saw,80
ETL1335,Cordless Hammer Drills,Leith,Leith,Bosch Hammer Drill GBH 24 V SDS Plus,
ETL1336,Hand Tile Cutter,Portobello,Portobello,Tile cutter,10
ETL1337,Files,Portobello,Portobello,File and rasp set (12 pieces),10
ETL1338,Bar Clamps,Portobello,Portobello,G clamp,10
ETL1339,Propane & Gas Powered Tools,Leith,Leith,Gas blow torch,
ETL1340,Staple Gun,Portobello,Portobello,Staple Gun,20
ETL1341,"Bits, Drivers and Accessories",Portobello,Portobello,4 Piece SDS Masonry Drill Bit set,20
ETL1342,"Bits, Drivers and Accessories",Portobello,Portobello,HSS steel drill bit set (19 bits) (1-10mm),20
ETL1343,"Bits, Drivers and Accessories",Portobello,Leith,10 Piece Masonry Drill Bit set,20
ETL1344,"Bits, Drivers and Accessories",Portobello,Portobello,7 countersink wood drill bits and L-shaped hexagon spanner,12
ETL1345,"Bits, Drivers and Accessories",Portobello,Portobello,10 Pieces Masonry Drill Bit set,20
ETL1346,Squares,Portobello,Portobello,Square,5
ETL1347,Drill Bits,Leith,Leith,Drill bits,
ETL1348,Jig Saws,Portobello,Portobello,Jigsaw,35
ETL1349,"Bits, Drivers and Accessories",Portobello,Portobello,10mm SDS Masonry Drill Bit,20
ETL1350,Step Ladders,Leith,Leith,Step Ladder,
ETL1351,Saws,Leith,Leith,Hand saw,
ETL1352,Cordless Drills,Leith,Leith,Makita Cordless Drill,
ETL1353,Cordless Drills,Leith,Leith,Makita impact driver,
ETL1354,Drill Bits,Leith,Leith,Drill bits,
ETL1355,Scrapers,Leith,Leith,Paint scraper,
ETL1356,Scrapers,Leith,Leith,Narrow Paint scraper,
ETL1357,Scrapers,Leith,Leith,Paint scraper,
ETL1358,"Bits, Drivers and Accessories",Portobello,Portobello,12mm SDS Masonry Drill Bit,20
ETL1359,Cement Chisel,Leith,Leith,Stone chisel,8
ETL1360,Wallpaper Steamer,Leith,Leith,Wallpaper Stripper,40
ETL1361,Belt Sanders,Leith,Leith,Belt Sander,70
ETL1362,Jig Saws,Leith,Leith,Parkside Jigsaw,40
ETL1363,Extension Cords,Leith,Leith,Extension cable on reel,35
ETL1364,Random Orbit Sander,Leith,Leith,Cordless Random Orbital Sander,50
ETL1365,Jig Saws,Leith,Leith,Multi tool,60
ETL1366,Jig Saws,Leith,Leith,Multi tool,60
ETL1367,Cordless Drills,Leith,Leith,DeWalt Cordless Drill,
ETL1368,Cordless Drills,Leith,Leith,DeWalt Cordless Drill,
ETL1369,Knives,Portobello,Portobello,Stanley / Utility Knife,
ETL1370,Drill Bits,Leith,Leith,Router Bit Set,8
ETL1371,Jig Saws,Leith,Portobello,Hitachi Jigsaw,40
ETL1372,Random Orbit Sander,Leith,Leith,Random Orbit Sander,40
ETL1373,Misc,Portobello,Portobello,Leather Tool Belt,
ETL1374,Float,Portobello,Portobello,Float Trowel,5
ETL1375,Drywall Saws,Leith,Leith,Drywall/hacksaw,5
ETL1376,Paint Roller Frame,Leith,Leith,Paint Roller Cage,
ETL1377,Paint Roller Frame,Leith,Leith,Paint Roller Cage,
ETL1378,Paint Roller Frame,Leith,Leith,Paint Roller Cage,
ETL1379,Paint Roller Frame,Leith,Leith,Extendable Paint Roller Cage,
ETL1380,Paint Roller Frame,Leith,Leith,Small Paint Roller,
ETL1381,Paint Roller Frame,Leith,Leith,Radiator Paint Roller,
ETL1382,Corner Clamp,Leith,Leith,Set of 5 small metal clamps,20
ETL1383,Corded & Plug-in,Leith,Leith,Tacwise 400ELS Pro angled nail gun,40
ETL1384,Jig Saws,Leith,Leith,Parkside Combination Cutter,40
ETL1385,Power Drills,Leith,Leith,Electric Scraper,30
ETL1386,Engraver,Leith,Leith,Multi Tool Rotary Tool,30
ETL1387,Float,Leith,Leith,Float Trowel,
ETL1388,Sharp Bristle Brushes,Leith,Leith,Paperhanging Brush,
ETL1389,Routers,Leith,Leith,Small Plunge Router,80
ETL1390,Testers (hand held),Leith,Leith,Stud finder,20
ETL1391,Routers,Leith,Leith,Router Bit Set,
ETL1392,Angle Grinders,Portobello,Portobello,Angle Grinder,40
ETL1393,Angle Grinders,Portobello,Portobello,Angle Grinder,40
ETL1394,Random Orbit Sander,Leith,Leith,Draper Palm Sander,20
ETL1395,Vise Grips,Leith,Leith,Mole grips,15
ETL1396,Vise Grips,Leith,Leith,Mole grips,15
ETL1397,Finishing Power Sanders,Leith,Leith,Palm Sander,57
ETL1398,Extension Cords,Leith,Leith,Extension cable on reel,10
ETL1399,Notched Trowel,Leith,Leith,Tiling trowel,
ETL1400,Wet Tile Saws,Leith,Leith,Wet Tile Saw,30
ETL1401,Finishing Power Sanders,Leith,Leith,Orbital Sander,57
ETL1402,Finishing Power Sanders,Leith,Leith,Detail Sander,57
ETL1403,Wood Chisel,Leith,Leith,Chisel set,20
ETL1404,Wood Chisel,Leith,Leith,Chisel set,20
ETL1405,Wood Chisel,Leith,Leith,18mm Chisel,5
ETL1406,Crowbar,Leith,Leith,Pry bar,10
ETL1407,String Trimmer,Leith,Leith,Challenge electric grass trimmer,50
ETL1408,Jig Saws,Leith,Leith,Multifunction saw,50
ETL1409,Testers (hand held),Leith,Leith,Metal and voltage detector,20
ETL1410,Trowel,Leith,Leith,Trowel,
ETL1411,Finishing Power Sanders,Leith,Leith,Black and Decker Powerfile,57
ETL1412,Routers,Leith,Leith,Bosch Router,
ETL1413,Drill Bits,Leith,Leith,Folsom Auger Bit Set,
ETL1414,Wheelbarrow,Leith,Leith,Wheelbarrow,
ETL1415,Caulk Guns,Portobello,Portobello,Caulking Gun,
ETL1416,Extension Ladder,Portobello,Portobello,Extension Ladder,
ETL1417,Post Hole Digger,Leith,Leith,Post Driver,40
ETL1418,Needle Nose Pliers,,,Circlip pliers,5
ETL1419,Cordless Impact Drivers,Leith,Leith,Impact driver,
ETL1420,Belt Sanders,Leith,Leith,Belt Sander,40
ETL1421,Belt Sanders,Leith,Leith,Belt Sander,
ETL1422,Garden Tools,Leith,Leith,Cordless hedge trimmer,
ETL1423,Crosscut Saw,Leith,Leith,Japanese Pull Saw,
ETL1424,Engraver,Leith,Leith,Engraving tool,
ETL1425,Cordless Hammer Drills,Leith,Leith,Cordless hammer drill,
ETL1426,Wood Chisel,Leith,Leith,Bevel Edge Wood Chisels,15
ETL1427,Band Saws,Leith,Leith,Band Saw,500
ETL1802,Corner Clamp,Portobello,Portobello,Set of 4 Corner Clamps (double entry in the database ETL1082),
ETL1803,Drill Bits,Leith,Leith,Diamond Core Drill Kit,110
ETL1804,Hand Miter Saws,Leith,Leith,Mitre Saw,
ETL1805,Pipe Cutters,Portobello,Portobello,Adjustable Tube / Pipe Cutter,15
ETL1806,Hack saw,Portobello,Portobello,Hack saw,5
ETL1807,Bar Clamps,Portobello,Portobello,Corner clamp,35
ETL1808,"Bits, Drivers and Accessories",Portobello,Portobello,5 Piece SDS Plus Masonry Drill Bit set,20
ETL1809,Rivet Tools,Portobello,Portobello,Hand riveter,25
ETL1810,Hand Tools,Leith,Leith,Wallpaper cutter,
ETL1811,Miscellaneous Furniture,Leith,Leith,Portable Work bench,110
ETL1812,Hoes,Leith,Leith,Dutch Hoe,5
ETL1814,Drill Press (hand),Leith,Leith,Hand drill press,
ETL1815,Grass Shear,Portobello,Portobello,Garden Shears,10
ETL1816,Grass Shear,Portobello,Leith,Large Extendable Ratchet Lopping Shears / Secaturs,25
ETL1817,Hole Saw Kit,Portobello,Portobello,Hole Saw Set,30
ETL1818,Distance Meters,Portobello,Portobello,Micrometer,
ETL1819,Screwdriver Sets,Portobello,Portobello,Small screwdriver set,15
ETL1820,Spanner Wrenches,Portobello,Portobello,"Pipe Wrench / Stilson 14""",
ETL1821,Garden Tools,Portobello,Portobello,"Rake, Leaf",
ETL1822,Socket Sets,Portobello,Portobello,Socket Set,
ETL1823,Knives,Portobello,Portobello,Stanley / Utility Knife,
ETL1824,Tap and Die,Portobello,Portobello,Tap and Die Set - Metric,
ETL1825,Ratchet Straps,Leith,Leith,Mini Endless Ratchet Strap,
ETL1826,Ratchet Straps,Leith,Leith,Mini Endless Ratchet Strap,
ETL1827,Hole Saw Kit,Leith,Leith,Hole Saw Kit,
ETL1828,Step Ladders,Portobello,Portobello,Step ladder,
ETL1829,Hole Saw Kit,Leith,Leith,Hole Saw Kit,
ETL1830,Drill Bits,Leith,Leith,Flat Wood bit set,
ETL1831,Drill Bits,Portobello,Leith,75 Piece Drill Bit Set,25
ETL1832,Drill Bits,Portobello,Portobello,75 Piece Drill Bit Set,
ETL1833,Spade Shovel,Portobello,Portobello,Garden Spade,10
ETL1834,Hand Wood Splitter,Portobello,Portobello,Roughneck Manual Wood Splitter,
ETL1835,Hatchet,Portobello,Portobello,Stanley hatchet,
ETL1836,Circular Saws,Leith,Leith,Corded circular saw,60
ETL1837,Gas Powered String Trimmer,Portobello,Portobello,Strimmer (2-stroke petrol),100
ETL1838,Drills,Leith,Leith,Drill template set,
ETL1839,Levels,Leith,Leith,Laser Edge Level,
ETL1840,Hand Tool Sets,Leith,Leith,Mini Tool Set,
ETL1841,Curriculum,Portobello,Portobello,"Woodcarving, tools, materials & equipment book",
ETL1842,Sanders & Planers,Leith,Leith,Mouse Sander,
ETL1843,Bar Clamps,Leith,Leith,Bar clamp,10
ETL1844,Bar Clamps,Leith,Leith,Bar clamp,10
ETL1845,Bar Clamps,Leith,Leith,Bar clamp,10
ETL1846,Sanders,Leith,Leith,Orbital Sander,30
ETL1847,Random Orbit Sander,Leith,Leith,Random Orbital Sander,40
ETL1848,Planes,Leith,Leith,Bullnose/Rebate Plane,5
ETL1849,Random Orbit Sander,Leith,Leith,Parkside 310W Power Sander,30
ETL1850,Drill Bits,Leith,Leith,Drill/Driver Bit Set,
ETL1851,Cordless Drills,Leith,Leith,Makita cordless drill,
ETL1852,Drill Bits,Leith,Leith,Ratcheted Screw Driver and Plier Set with bits.,
ETL1853,Amp Meters,Leith,Leith,Micronta Analogue Multimeter,20
ETL1854,Cordless Circular Saw,Leith,Leith,Cordless circular saw,60
ETL1855,Hole Saw Kit,Leith,Leith,Carbon Steel Hole Saw Set,30
ETL1856,Misc,Leith,Leith,Velcro-Strap Knee Pads,5
ETL1857,Routers,Leith,Leith,Router,80
ETL1858,Finishing Power Sanders,Leith,Leith,Palm Sander,57
ETL1860,Garden Tools,Leith,Leith,Hedge Trimmer,
ETL1861,Corded & Plug-in,Leith,Leith,Plunge router,
ETL1862,Corded & Plug-in,Leith,Leith,Corded hammer drill,
ETL1863,Cordless Power Tools,Leith,Leith,Black and decker quattro,
ETL1865,Hack saw,Leith,Leith,Hack saw,
ETL1866,Axes,Leith,Leith,Hand axe,
ETL1867,Axes,Leith,Leith,2 handed axe,
ETL1868,Cordless Screwdrivers,Leith,Leith,Cordless screwdriver,
ETL1869,Corded & Plug-in,Leith,Leith,Jigsaw,
ETL1870,Drill Press (power),Leith,Leith,Portable drill press,
ETL1871,Corded & Plug-in,Leith,Leith,Hot air gun,
ETL1872,Tools,Leith,Portobello,Self levelling laser,
ETL1873,Corded & Plug-in,Leith,Leith,Powered hacksaw,
ETL1874,Crescent Wrench,Leith,Leith,Torque Wrench,3
ETL1875,Wallpaper Steamer,Leith,Leith,Wallpaper Steamer,30
ETL1876,Wallpaper Steamer,Leith,Leith,Wallpaper Steamer,30
ETL1877,Roller Tool,Leith,Leith,Extending roller pole,
ETL1878,Torque Wrench,Leith,Leith,Torque Wrench,
ETL1879,Roller Tool,Leith,Leith,Digital Precision Calipers,
ETL1880,Roller Tool,Leith,Leith,Precision Calipers,
ETL1881,Bar Clamps,Leith,Leith,Bar clamp,10
Etl1882,Scroller Power Saw,Leith,Leith,Scroll saw,90
ETL1883,Belt Sanders,Leith,Leith,Belt sander,20
ETL1884,Drill Bits,Leith,Leith,Forster bits set,15
ETL335,Wallpaper Steamer,Leith,Leith,Steam Cleaner,90
ETL6503,Hammer Drills,Leith,Leith,Makita SDS corded hammer drill,120
ETL6608,Corded Mowers,Leith,Leith,Roller Moss Remover / Scarifying rake,
ETL6674,Cordless Drills,Leith,Leith,Makita cordless drill,
ETL6675,Miscellaneous Furniture,Portobello,Portobello,Wallpaper Pasting Table,20
ETL6676,Bow Saws,Portobello,Portobello,Bush saw,12
ETL6677,Angle Grinders,Portobello,Portobello,Angle grinder,
ETL6678,Cement Chisel,Portobello,Portobello,Brick Bolster chisel,8
ETL6679,Cement Chisel,Portobello,Portobello,Brick Bolster chisel,8
ETL6680,Extension Ladder,Portobello,Portobello,Triple Extension Ladder,
ETL6681,Hand Tools,Leith,Leith,Pipe cutter,
ETL6682,Garden Tools,Leith,Leith,Cordless hedge trimmer,
ETL6683,Engraver,Portobello,Portobello,Dremel rotary tool,
ETLBAG001,Buckets,Leith,Leith,Large Burlap Bag,15
ETLBAG002,Buckets,Leith,Leith,Large Burlap Bag,15
ETLBAG003,Buckets,Leith,Leith,Small Burlap Bag,15
ETLBAG004,Buckets,Leith,Leith,Large cotton Bag,15
ETLBAG005,Buckets,Leith,Leith,Large cotton Bag,15
ETLBAG006,Buckets,Leith,Leith,Large cotton Bag,15
ETLBAG007,Buckets,Leith,Leith,Small Reusable Bag,15
ETLBAG008,Buckets,Leith,Leith,Medium Reusable Bag,15
ETLBAG009,Buckets,Leith,Leith,Medium Reusable Bag,15
ETLBAG010,Buckets,Leith,Leith,Small Reusable Bag,15
ETLBAG011,Buckets,Leith,Leith,Large Reusable Bag,15
ETLBAG012,Buckets,Leith,Leith,Large Reusable Bag,15
